convective_date,convective_day_index,wban_id,lat,lon,good_row_count
2017-01-31,17197,04846,41.4525,-87.0058,360
2017-02-01,17198,04846,41.4525,-87.0058,1440
2017-02-02,17199,04846,41.4525,-87.0058,1440
2017-02-03,17200,04846,41.4525,-87.0058,1440
2017-02-04,17201,04846,41.4525,-87.0058,1440
2017-02-05,17202,04846,41.4525,-87.0058,664
2017-02-06,17203,04846,41.4525,-87.0058,1440
2017-02-07,17204,04846,41.4525,-87.0058,1435
2017-02-08,17205,04846,41.4525,-87.0058,1351
2017-02-09,17206,04846,41.4525,-87.0058,1440
2017-02-10,17207,04846,41.4525,-87.0058,1440
2017-02-11,17208,04846,41.4525,-87.0058,1440
2017-02-12,17209,04846,41.4525,-87.0058,1440
2017-02-13,17210,04846,41.4525,-87.0058,1440
2017-02-14,17211,04846,41.4525,-87.0058,1440
2017-02-15,17212,04846,41.4525,-87.0058,1440
2017-02-16,17213,04846,41.4525,-87.0058,1440
2017-02-17,17214,04846,41.4525,-87.0058,1440
2017-02-18,17215,04846,41.4525,-87.0058,1440
2017-02-19,17216,04846,41.4525,-87.0058,1440
2017-02-20,17217,04846,41.4525,-87.0058,1440
2017-02-21,17218,04846,41.4525,-87.0058,1440
2017-02-22,17219,04846,41.4525,-87.0058,1440
2017-02-23,17220,04846,41.4525,-87.0058,1440
2017-02-24,17221,04846,41.4525,-87.0058,1440
2017-02-25,17222,04846,41.4525,-87.0058,1440
2017-02-26,17223,04846,41.4525,-87.0058,1440
2017-02-27,17224,04846,41.4525,-87.0058,1436
2017-02-28,17225,04846,41.4525,-87.0058,1075
2017-01-31,17197,12843,27.651,-80.4199,420
2017-02-01,17198,12843,27.651,-80.4199,1430
2017-02-02,17199,12843,27.651,-80.4199,1435
2017-02-03,17200,12843,27.651,-80.4199,1435
2017-02-04,17201,12843,27.651,-80.4199,1440
2017-02-05,17202,12843,27.651,-80.4199,664
2017-02-06,17203,12843,27.651,-80.4199,1440
2017-02-07,17204,12843,27.651,-80.4199,1440
2017-02-08,17205,12843,27.651,-80.4199,1440
2017-02-09,17206,12843,27.651,-80.4199,1440
2017-02-10,17207,12843,27.651,-80.4199,1440
2017-02-11,17208,12843,27.651,-80.4199,1435
2017-02-12,17209,12843,27.651,-80.4199,1426
2017-02-13,17210,12843,27.651,-80.4199,1440
2017-02-14,17211,12843,27.651,-80.4199,1440
2017-02-15,17212,12843,27.651,-80.4199,1440
2017-02-16,17213,12843,27.651,-80.4199,1440
2017-02-17,17214,12843,27.651,-80.4199,1440
2017-02-18,17215,12843,27.651,-80.4199,1440
2017-02-19,17216,12843,27.651,-80.4199,1440
2017-02-20,17217,12843,27.651,-80.4199,1440
2017-02-21,17218,12843,27.651,-80.4199,1440
2017-02-22,17219,12843,27.651,-80.4199,1440
2017-02-23,17220,12843,27.651,-80.4199,1430
2017-02-24,17221,12843,27.651,-80.4199,1440
2017-02-25,17222,12843,27.651,-80.4199,1440
2017-02-26,17223,12843,27.651,-80.4199,1440
2017-02-27,17224,12843,27.651,-80.4199,1440
2017-02-28,17225,12843,27.651,-80.4199,1020
2017-01-31,17197,54740,43.3436,-72.5178,420
2017-02-01,17198,54740,43.3436,-72.5178,1440
2017-02-02,17199,54740,43.3436,-72.5178,1428
2017-02-03,17200,54740,43.3436,-72.5178,1440
2017-02-04,17201,54740,43.3436,-72.5178,1428
2017-02-05,17202,54740,43.3436,-72.5178,661
2017-02-06,17203,54740,43.3436,-72.5178,1433
2017-02-07,17204,54740,43.3436,-72.5178,1440
2017-02-08,17205,54740,43.3436,-72.5178,1427
2017-02-09,17206,54740,43.3436,-72.5178,1410
2017-02-10,17207,54740,43.3436,-72.5178,1427
2017-02-11,17208,54740,43.3436,-72.5178,1440
2017-02-12,17209,54740,43.3436,-72.5178,1440
2017-02-13,17210,54740,43.3436,-72.5178,1419
2017-02-14,17211,54740,43.3436,-72.5178,1440
2017-02-15,17212,54740,43.3436,-72.5178,1435
2017-02-16,17213,54740,43.3436,-72.5178,1407
2017-02-17,17214,54740,43.3436,-72.5178,1377
2017-02-18,17215,54740,43.3436,-72.5178,1426
2017-02-19,17216,54740,43.3436,-72.5178,1406
2017-02-20,17217,54740,43.3436,-72.5178,1440
2017-02-21,17218,54740,43.3436,-72.5178,1440
2017-02-22,17219,54740,43.3436,-72.5178,1440
2017-02-23,17220,54740,43.3436,-72.5178,1440
2017-02-24,17221,54740,43.3436,-72.5178,1440
2017-02-25,17222,54740,43.3436,-72.5178,1436
2017-02-26,17223,54740,43.3436,-72.5178,1440
2017-02-27,17224,54740,43.3436,-72.5178,1433
2017-02-28,17225,54740,43.3436,-72.5178,1020
2017-01-31,17197,04858,40.0228,-82.4625,420
2017-02-01,17198,04858,40.0228,-82.4625,1440
2017-02-02,17199,04858,40.0228,-82.4625,1440
2017-02-03,17200,04858,40.0228,-82.4625,1440
2017-02-04,17201,04858,40.0228,-82.4625,1440
2017-02-05,17202,04858,40.0228,-82.4625,839
2017-02-06,17203,04858,40.0228,-82.4625,1440
2017-02-07,17204,04858,40.0228,-82.4625,1440
2017-02-08,17205,04858,40.0228,-82.4625,1440
2017-02-09,17206,04858,40.0228,-82.4625,1440
2017-02-10,17207,04858,40.0228,-82.4625,1434
2017-02-11,17208,04858,40.0228,-82.4625,1440
2017-02-12,17209,04858,40.0228,-82.4625,1440
2017-02-13,17210,04858,40.0228,-82.4625,1440
2017-02-14,17211,04858,40.0228,-82.4625,1440
2017-02-15,17212,04858,40.0228,-82.4625,1440
2017-02-16,17213,04858,40.0228,-82.4625,1440
2017-02-17,17214,04858,40.0228,-82.4625,1440
2017-02-18,17215,04858,40.0228,-82.4625,1440
2017-02-19,17216,04858,40.0228,-82.4625,1440
2017-02-20,17217,04858,40.0228,-82.4625,1440
2017-02-21,17218,04858,40.0228,-82.4625,1440
2017-02-22,17219,04858,40.0228,-82.4625,1440
2017-02-23,17220,04858,40.0228,-82.4625,1440
2017-02-24,17221,04858,40.0228,-82.4625,1440
2017-02-25,17222,04858,40.0228,-82.4625,1440
2017-02-26,17223,04858,40.0228,-82.4625,1435
2017-02-27,17224,04858,40.0228,-82.4625,1440
2017-02-28,17225,04858,40.0228,-82.4625,1020
2017-01-31,17197,24032,42.8783,-100.55,360
2017-02-01,17198,24032,42.8783,-100.55,1438
2017-02-02,17199,24032,42.8783,-100.55,1434
2017-02-03,17200,24032,42.8783,-100.55,1440
2017-02-04,17201,24032,42.8783,-100.55,1440
2017-02-05,17202,24032,42.8783,-100.55,839
2017-02-06,17203,24032,42.8783,-100.55,1435
2017-02-07,17204,24032,42.8783,-100.55,1440
2017-02-08,17205,24032,42.8783,-100.55,1440
2017-02-09,17206,24032,42.8783,-100.55,1440
2017-02-10,17207,24032,42.8783,-100.55,1436
2017-02-11,17208,24032,42.8783,-100.55,1440
2017-02-12,17209,24032,42.8783,-100.55,1440
2017-02-13,17210,24032,42.8783,-100.55,1440
2017-02-14,17211,24032,42.8783,-100.55,1440
2017-02-15,17212,24032,42.8783,-100.55,1440
2017-02-16,17213,24032,42.8783,-100.55,1440
2017-02-17,17214,24032,42.8783,-100.55,1440
2017-02-18,17215,24032,42.8783,-100.55,1426
2017-02-19,17216,24032,42.8783,-100.55,1440
2017-02-20,17217,24032,42.8783,-100.55,1440
2017-02-21,17218,24032,42.8783,-100.55,1427
2017-02-22,17219,24032,42.8783,-100.55,1440
2017-02-23,17220,24032,42.8783,-100.55,1440
2017-02-24,17221,24032,42.8783,-100.55,1440
2017-02-25,17222,24032,42.8783,-100.55,1440
2017-02-26,17223,24032,42.8783,-100.55,1440
2017-02-27,17224,24032,42.8783,-100.55,1440
2017-02-28,17225,24032,42.8783,-100.55,1080
2017-01-31,17197,94298,45.6208,-122.6572,240
2017-02-01,17198,94298,45.6208,-122.6572,1440
2017-02-02,17199,94298,45.6208,-122.6572,1440
2017-02-03,17200,94298,45.6208,-122.6572,1440
2017-02-04,17201,94298,45.6208,-122.6572,1432
2017-02-05,17202,94298,45.6208,-122.6572,839
2017-02-06,17203,94298,45.6208,-122.6572,1435
2017-02-07,17204,94298,45.6208,-122.6572,1440
2017-02-08,17205,94298,45.6208,-122.6572,1440
2017-02-09,17206,94298,45.6208,-122.6572,1440
2017-02-10,17207,94298,45.6208,-122.6572,1440
2017-02-11,17208,94298,45.6208,-122.6572,1440
2017-02-12,17209,94298,45.6208,-122.6572,1440
2017-02-13,17210,94298,45.6208,-122.6572,1440
2017-02-14,17211,94298,45.6208,-122.6572,1440
2017-02-15,17212,94298,45.6208,-122.6572,1440
2017-02-16,17213,94298,45.6208,-122.6572,1436
2017-02-17,17214,94298,45.6208,-122.6572,1440
2017-02-18,17215,94298,45.6208,-122.6572,1440
2017-02-19,17216,94298,45.6208,-122.6572,1439
2017-02-20,17217,94298,45.6208,-122.6572,1440
2017-02-21,17218,94298,45.6208,-122.6572,1440
2017-02-22,17219,94298,45.6208,-122.6572,1439
2017-02-23,17220,94298,45.6208,-122.6572,770
2017-02-24,17221,94298,45.6208,-122.6572,841
2017-02-25,17222,94298,45.6208,-122.6572,1440
2017-02-26,17223,94298,45.6208,-122.6572,1440
2017-02-27,17224,94298,45.6208,-122.6572,1435
2017-02-28,17225,94298,45.6208,-122.6572,1200
2017-01-31,17197,93739,37.9372,-75.4663,420
2017-02-01,17198,93739,37.9372,-75.4663,1440
2017-02-02,17199,93739,37.9372,-75.4663,1405
2017-02-03,17200,93739,37.9372,-75.4663,1440
2017-02-04,17201,93739,37.9372,-75.4663,1390
2017-02-05,17202,93739,37.9372,-75.4663,839
2017-02-06,17203,93739,37.9372,-75.4663,1440
2017-02-07,17204,93739,37.9372,-75.4663,1440
2017-02-08,17205,93739,37.9372,-75.4663,1435
2017-02-09,17206,93739,37.9372,-75.4663,1439
2017-02-10,17207,93739,37.9372,-75.4663,1427
2017-02-11,17208,93739,37.9372,-75.4663,1440
2017-02-12,17209,93739,37.9372,-75.4663,1440
2017-02-13,17210,93739,37.9372,-75.4663,1440
2017-02-14,17211,93739,37.9372,-75.4663,1429
2017-02-15,17212,93739,37.9372,-75.4663,1440
2017-02-16,17213,93739,37.9372,-75.4663,1440
2017-02-17,17214,93739,37.9372,-75.4663,1440
2017-02-18,17215,93739,37.9372,-75.4663,1440
2017-02-19,17216,93739,37.9372,-75.4663,1376
2017-02-20,17217,93739,37.9372,-75.4663,1411
2017-02-21,17218,93739,37.9372,-75.4663,1440
2017-02-22,17219,93739,37.9372,-75.4663,1440
2017-02-23,17220,93739,37.9372,-75.4663,1440
2017-02-24,17221,93739,37.9372,-75.4663,1440
2017-02-25,17222,93739,37.9372,-75.4663,1401
2017-02-26,17223,93739,37.9372,-75.4663,1416
2017-02-27,17224,93739,37.9372,-75.4663,1440
2017-02-28,17225,93739,37.9372,-75.4663,1020
2017-01-31,17197,03159,34.7411,-118.2116,240
2017-02-01,17198,03159,34.7411,-118.2116,1431
2017-02-02,17199,03159,34.7411,-118.2116,1429
2017-02-03,17200,03159,34.7411,-118.2116,1440
2017-02-04,17201,03159,34.7411,-118.2116,1410
2017-02-05,17202,03159,34.7411,-118.2116,834
2017-02-06,17203,03159,34.7411,-118.2116,1440
2017-02-07,17204,03159,34.7411,-118.2116,1440
2017-02-08,17205,03159,34.7411,-118.2116,1440
2017-02-09,17206,03159,34.7411,-118.2116,1440
2017-02-10,17207,03159,34.7411,-118.2116,1440
2017-02-11,17208,03159,34.7411,-118.2116,1436
2017-02-12,17209,03159,34.7411,-118.2116,1360
2017-02-13,17210,03159,34.7411,-118.2116,1432
2017-02-14,17211,03159,34.7411,-118.2116,1440
2017-02-15,17212,03159,34.7411,-118.2116,1440
2017-02-16,17213,03159,34.7411,-118.2116,1440
2017-02-17,17214,03159,34.7411,-118.2116,1440
2017-02-18,17215,03159,34.7411,-118.2116,1436
2017-02-19,17216,03159,34.7411,-118.2116,1440
2017-02-20,17217,03159,34.7411,-118.2116,1440
2017-02-21,17218,03159,34.7411,-118.2116,1440
2017-02-22,17219,03159,34.7411,-118.2116,1435
2017-02-23,17220,03159,34.7411,-118.2116,1436
2017-02-24,17221,03159,34.7411,-118.2116,1434
2017-02-25,17222,03159,34.7411,-118.2116,1440
2017-02-26,17223,03159,34.7411,-118.2116,1440
2017-02-27,17224,03159,34.7411,-118.2116,1440
2017-02-28,17225,03159,34.7411,-118.2116,1200
2017-01-31,17197,13932,37.1681,-97.0369,360
2017-02-01,17198,13932,37.1681,-97.0369,1440
2017-02-02,17199,13932,37.1681,-97.0369,1440
2017-02-03,17200,13932,37.1681,-97.0369,1422
2017-02-04,17201,13932,37.1681,-97.0369,1440
2017-02-05,17202,13932,37.1681,-97.0369,830
2017-02-06,17203,13932,37.1681,-97.0369,1440
2017-02-07,17204,13932,37.1681,-97.0369,1435
2017-02-08,17205,13932,37.1681,-97.0369,1440
2017-02-09,17206,13932,37.1681,-97.0369,1440
2017-02-10,17207,13932,37.1681,-97.0369,1440
2017-02-11,17208,13932,37.1681,-97.0369,1440
2017-02-12,17209,13932,37.1681,-97.0369,1440
2017-02-13,17210,13932,37.1681,-97.0369,716
2017-02-14,17211,13932,37.1681,-97.0369,730
2017-02-15,17212,13932,37.1681,-97.0369,1436
2017-02-16,17213,13932,37.1681,-97.0369,1202
2017-02-17,17214,13932,37.1681,-97.0369,1074
2017-02-18,17215,13932,37.1681,-97.0369,1440
2017-02-19,17216,13932,37.1681,-97.0369,1440
2017-02-20,17217,13932,37.1681,-97.0369,1440
2017-02-21,17218,13932,37.1681,-97.0369,1440
2017-02-22,17219,13932,37.1681,-97.0369,1440
2017-02-23,17220,13932,37.1681,-97.0369,1440
2017-02-24,17221,13932,37.1681,-97.0369,1440
2017-02-25,17222,13932,37.1681,-97.0369,1435
2017-02-26,17223,13932,37.1681,-97.0369,1440
2017-02-27,17224,13932,37.1681,-97.0369,1440
2017-02-28,17225,13932,37.1681,-97.0369,1080
2017-01-31,17197,24128,40.9017,-117.808,240
2017-02-01,17198,24128,40.9017,-117.808,1440
2017-02-02,17199,24128,40.9017,-117.808,1440
2017-02-03,17200,24128,40.9017,-117.808,1436
2017-02-04,17201,24128,40.9017,-117.808,1440
2017-02-05,17202,24128,40.9017,-117.808,839
2017-02-06,17203,24128,40.9017,-117.808,1440
2017-02-07,17204,24128,40.9017,-117.808,1440
2017-02-08,17205,24128,40.9017,-117.808,1440
2017-02-09,17206,24128,40.9017,-117.808,1439
2017-02-10,17207,24128,40.9017,-117.808,1440
2017-02-11,17208,24128,40.9017,-117.808,1440
2017-02-12,17209,24128,40.9017,-117.808,1431
2017-02-13,17210,24128,40.9017,-117.808,1440
2017-02-14,17211,24128,40.9017,-117.808,1440
2017-02-15,17212,24128,40.9017,-117.808,1440
2017-02-16,17213,24128,40.9017,-117.808,1427
2017-02-17,17214,24128,40.9017,-117.808,1432
2017-02-18,17215,24128,40.9017,-117.808,1430
2017-02-19,17216,24128,40.9017,-117.808,1440
2017-02-20,17217,24128,40.9017,-117.808,1439
2017-02-21,17218,24128,40.9017,-117.808,1429
2017-02-22,17219,24128,40.9017,-117.808,1440
2017-02-23,17220,24128,40.9017,-117.808,1435
2017-02-24,17221,24128,40.9017,-117.808,1425
2017-02-25,17222,24128,40.9017,-117.808,1430
2017-02-26,17223,24128,40.9017,-117.808,1440
2017-02-27,17224,24128,40.9017,-117.808,1440
2017-02-28,17225,24128,40.9017,-117.808,1195
2017-01-31,17197,24062,43.9658,-107.9508,300
2017-02-01,17198,24062,43.9658,-107.9508,1440
2017-02-02,17199,24062,43.9658,-107.9508,1440
2017-02-03,17200,24062,43.9658,-107.9508,1440
2017-02-04,17201,24062,43.9658,-107.9508,1416
2017-02-05,17202,24062,43.9658,-107.9508,833
2017-02-06,17203,24062,43.9658,-107.9508,1440
2017-02-07,17204,24062,43.9658,-107.9508,1440
2017-02-08,17205,24062,43.9658,-107.9508,1440
2017-02-09,17206,24062,43.9658,-107.9508,1421
2017-02-10,17207,24062,43.9658,-107.9508,1398
2017-02-11,17208,24062,43.9658,-107.9508,1435
2017-02-12,17209,24062,43.9658,-107.9508,1422
2017-02-13,17210,24062,43.9658,-107.9508,1440
2017-02-14,17211,24062,43.9658,-107.9508,1408
2017-02-15,17212,24062,43.9658,-107.9508,1440
2017-02-16,17213,24062,43.9658,-107.9508,1440
2017-02-17,17214,24062,43.9658,-107.9508,1440
2017-02-18,17215,24062,43.9658,-107.9508,1440
2017-02-19,17216,24062,43.9658,-107.9508,1435
2017-02-20,17217,24062,43.9658,-107.9508,1435
2017-02-21,17218,24062,43.9658,-107.9508,1440
2017-02-22,17219,24062,43.9658,-107.9508,1433
2017-02-23,17220,24062,43.9658,-107.9508,1421
2017-02-24,17221,24062,43.9658,-107.9508,1440
2017-02-25,17222,24062,43.9658,-107.9508,1431
2017-02-26,17223,24062,43.9658,-107.9508,1440
2017-02-27,17224,24062,43.9658,-107.9508,1436
2017-02-28,17225,24062,43.9658,-107.9508,946
2017-01-31,17197,14794,41.3497,-71.7989,420
2017-02-01,17198,14794,41.3497,-71.7989,1440
2017-02-02,17199,14794,41.3497,-71.7989,1440
2017-02-03,17200,14794,41.3497,-71.7989,1440
2017-02-04,17201,14794,41.3497,-71.7989,1436
2017-02-05,17202,14794,41.3497,-71.7989,834
2017-02-06,17203,14794,41.3497,-71.7989,1440
2017-02-07,17204,14794,41.3497,-71.7989,1440
2017-02-08,17205,14794,41.3497,-71.7989,1436
2017-02-09,17206,14794,41.3497,-71.7989,1436
2017-02-10,17207,14794,41.3497,-71.7989,1435
2017-02-11,17208,14794,41.3497,-71.7989,1440
2017-02-12,17209,14794,41.3497,-71.7989,1440
2017-02-13,17210,14794,41.3497,-71.7989,1436
2017-02-14,17211,14794,41.3497,-71.7989,1440
2017-02-15,17212,14794,41.3497,-71.7989,1440
2017-02-16,17213,14794,41.3497,-71.7989,1436
2017-02-17,17214,14794,41.3497,-71.7989,1436
2017-02-18,17215,14794,41.3497,-71.7989,1435
2017-02-19,17216,14794,41.3497,-71.7989,1436
2017-02-20,17217,14794,41.3497,-71.7989,1440
2017-02-21,17218,14794,41.3497,-71.7989,1440
2017-02-22,17219,14794,41.3497,-71.7989,1440
2017-02-23,17220,14794,41.3497,-71.7989,1440
2017-02-24,17221,14794,41.3497,-71.7989,1440
2017-02-25,17222,14794,41.3497,-71.7989,1440
2017-02-26,17223,14794,41.3497,-71.7989,1440
2017-02-27,17224,14794,41.3497,-71.7989,1440
2017-02-28,17225,14794,41.3497,-71.7989,1020
2017-01-31,17197,23277,36.9358,-121.7886,240
2017-02-01,17198,23277,36.9358,-121.7886,1438
2017-02-02,17199,23277,36.9358,-121.7886,1440
2017-02-03,17200,23277,36.9358,-121.7886,1432
2017-02-04,17201,23277,36.9358,-121.7886,1419
2017-02-05,17202,23277,36.9358,-121.7886,917
2017-02-06,17203,23277,36.9358,-121.7886,1440
2017-02-07,17204,23277,36.9358,-121.7886,1440
2017-02-08,17205,23277,36.9358,-121.7886,1436
2017-02-09,17206,23277,36.9358,-121.7886,1438
2017-02-10,17207,23277,36.9358,-121.7886,1437
2017-02-11,17208,23277,36.9358,-121.7886,1440
2017-02-12,17209,23277,36.9358,-121.7886,1440
2017-02-13,17210,23277,36.9358,-121.7886,1435
2017-02-14,17211,23277,36.9358,-121.7886,1395
2017-02-15,17212,23277,36.9358,-121.7886,1413
2017-02-16,17213,23277,36.9358,-121.7886,1397
2017-02-17,17214,23277,36.9358,-121.7886,1437
2017-02-18,17215,23277,36.9358,-121.7886,1438
2017-02-19,17216,23277,36.9358,-121.7886,1411
2017-02-20,17217,23277,36.9358,-121.7886,1431
2017-02-21,17218,23277,36.9358,-121.7886,1165
2017-02-22,17219,23277,36.9358,-121.7886,1438
2017-02-23,17220,23277,36.9358,-121.7886,1428
2017-02-24,17221,23277,36.9358,-121.7886,1435
2017-02-25,17222,23277,36.9358,-121.7886,1435
2017-02-26,17223,23277,36.9358,-121.7886,1436
2017-02-27,17224,23277,36.9358,-121.7886,1436
2017-02-28,17225,23277,36.9358,-121.7886,1200
2017-01-31,17197,53922,36.2833,-94.3,360
2017-02-01,17198,53922,36.2833,-94.3,1427
2017-02-02,17199,53922,36.2833,-94.3,1440
2017-02-03,17200,53922,36.2833,-94.3,1440
2017-02-04,17201,53922,36.2833,-94.3,1440
2017-02-05,17202,53922,36.2833,-94.3,837
2017-02-06,17203,53922,36.2833,-94.3,677
2017-02-07,17204,53922,36.2833,-94.3,1200
2017-02-08,17205,53922,36.2833,-94.3,1425
2017-02-09,17206,53922,36.2833,-94.3,1431
2017-02-10,17207,53922,36.2833,-94.3,1440
2017-02-11,17208,53922,36.2833,-94.3,1440
2017-02-12,17209,53922,36.2833,-94.3,1440
2017-02-13,17210,53922,36.2833,-94.3,1436
2017-02-14,17211,53922,36.2833,-94.3,829
2017-02-15,17212,53922,36.2833,-94.3,1440
2017-02-16,17213,53922,36.2833,-94.3,1440
2017-02-17,17214,53922,36.2833,-94.3,1440
2017-02-18,17215,53922,36.2833,-94.3,1194
2017-02-19,17216,53922,36.2833,-94.3,1440
2017-02-20,17217,53922,36.2833,-94.3,1440
2017-02-21,17218,53922,36.2833,-94.3,1440
2017-02-22,17219,53922,36.2833,-94.3,1440
2017-02-23,17220,53922,36.2833,-94.3,1440
2017-02-24,17221,53922,36.2833,-94.3,1440
2017-02-25,17222,53922,36.2833,-94.3,1386
2017-02-26,17223,53922,36.2833,-94.3,1440
2017-02-27,17224,53922,36.2833,-94.3,1440
2017-02-28,17225,53922,36.2833,-94.3,1057
2017-01-31,17197,14853,42.2333,-83.5333,413
2017-02-01,17198,14853,42.2333,-83.5333,1440
2017-02-02,17199,14853,42.2333,-83.5333,1440
2017-02-03,17200,14853,42.2333,-83.5333,1440
2017-02-04,17201,14853,42.2333,-83.5333,1440
2017-02-05,17202,14853,42.2333,-83.5333,659
2017-02-06,17203,14853,42.2333,-83.5333,1440
2017-02-07,17204,14853,42.2333,-83.5333,1368
2017-02-08,17205,14853,42.2333,-83.5333,209
2017-02-09,17206,14853,42.2333,-83.5333,840
2017-02-10,17207,14853,42.2333,-83.5333,1440
2017-02-11,17208,14853,42.2333,-83.5333,1440
2017-02-12,17209,14853,42.2333,-83.5333,1100
2017-02-13,17210,14853,42.2333,-83.5333,1200
2017-02-14,17211,14853,42.2333,-83.5333,1440
2017-02-15,17212,14853,42.2333,-83.5333,1440
2017-02-16,17213,14853,42.2333,-83.5333,1440
2017-02-17,17214,14853,42.2333,-83.5333,852
2017-02-18,17215,14853,42.2333,-83.5333,1440
2017-02-19,17216,14853,42.2333,-83.5333,1440
2017-02-20,17217,14853,42.2333,-83.5333,1440
2017-02-21,17218,14853,42.2333,-83.5333,1440
2017-02-22,17219,14853,42.2333,-83.5333,1440
2017-02-23,17220,14853,42.2333,-83.5333,1440
2017-02-24,17221,14853,42.2333,-83.5333,1438
2017-02-25,17222,14853,42.2333,-83.5333,1440
2017-02-26,17223,14853,42.2333,-83.5333,1440
2017-02-27,17224,14853,42.2333,-83.5333,1440
2017-02-28,17225,14853,42.2333,-83.5333,1020
2017-01-31,17197,24243,46.5683,-120.5428,240
2017-02-01,17198,24243,46.5683,-120.5428,1440
2017-02-02,17199,24243,46.5683,-120.5428,1440
2017-02-03,17200,24243,46.5683,-120.5428,1440
2017-02-04,17201,24243,46.5683,-120.5428,1440
2017-02-05,17202,24243,46.5683,-120.5428,838
2017-02-06,17203,24243,46.5683,-120.5428,1440
2017-02-07,17204,24243,46.5683,-120.5428,1440
2017-02-08,17205,24243,46.5683,-120.5428,1440
2017-02-09,17206,24243,46.5683,-120.5428,1354
2017-02-10,17207,24243,46.5683,-120.5428,1430
2017-02-11,17208,24243,46.5683,-120.5428,1440
2017-02-12,17209,24243,46.5683,-120.5428,1402
2017-02-13,17210,24243,46.5683,-120.5428,1440
2017-02-14,17211,24243,46.5683,-120.5428,1434
2017-02-15,17212,24243,46.5683,-120.5428,1431
2017-02-16,17213,24243,46.5683,-120.5428,1440
2017-02-17,17214,24243,46.5683,-120.5428,1435
2017-02-18,17215,24243,46.5683,-120.5428,1436
2017-02-19,17216,24243,46.5683,-120.5428,1440
2017-02-20,17217,24243,46.5683,-120.5428,1440
2017-02-21,17218,24243,46.5683,-120.5428,1440
2017-02-22,17219,24243,46.5683,-120.5428,1440
2017-02-23,17220,24243,46.5683,-120.5428,1331
2017-02-24,17221,24243,46.5683,-120.5428,1440
2017-02-25,17222,24243,46.5683,-120.5428,1430
2017-02-26,17223,24243,46.5683,-120.5428,1440
2017-02-27,17224,24243,46.5683,-120.5428,1440
2017-02-28,17225,24243,46.5683,-120.5428,1196
2017-01-31,17197,14852,41.2548,-80.6737,420
2017-02-01,17198,14852,41.2548,-80.6737,1440
2017-02-02,17199,14852,41.2548,-80.6737,1440
2017-02-03,17200,14852,41.2548,-80.6737,1440
2017-02-04,17201,14852,41.2548,-80.6737,1440
2017-02-05,17202,14852,41.2548,-80.6737,838
2017-02-06,17203,14852,41.2548,-80.6737,1440
2017-02-07,17204,14852,41.2548,-80.6737,1440
2017-02-08,17205,14852,41.2548,-80.6737,1440
2017-02-09,17206,14852,41.2548,-80.6737,1440
2017-02-10,17207,14852,41.2548,-80.6737,1440
2017-02-11,17208,14852,41.2548,-80.6737,1440
2017-02-12,17209,14852,41.2548,-80.6737,1440
2017-02-13,17210,14852,41.2548,-80.6737,1440
2017-02-14,17211,14852,41.2548,-80.6737,1440
2017-02-15,17212,14852,41.2548,-80.6737,1440
2017-02-16,17213,14852,41.2548,-80.6737,1440
2017-02-17,17214,14852,41.2548,-80.6737,1440
2017-02-18,17215,14852,41.2548,-80.6737,1440
2017-02-19,17216,14852,41.2548,-80.6737,1440
2017-02-20,17217,14852,41.2548,-80.6737,1435
2017-02-21,17218,14852,41.2548,-80.6737,1440
2017-02-22,17219,14852,41.2548,-80.6737,1440
2017-02-23,17220,14852,41.2548,-80.6737,1440
2017-02-24,17221,14852,41.2548,-80.6737,1439
2017-02-25,17222,14852,41.2548,-80.6737,1440
2017-02-26,17223,14852,41.2548,-80.6737,1440
2017-02-27,17224,14852,41.2548,-80.6737,1440
2017-02-28,17225,14852,41.2548,-80.6737,1020
2017-01-31,17197,93824,39.9444,-81.8922,420
2017-02-01,17198,93824,39.9444,-81.8922,1429
2017-02-02,17199,93824,39.9444,-81.8922,1440
2017-02-03,17200,93824,39.9444,-81.8922,1438
2017-02-04,17201,93824,39.9444,-81.8922,1440
2017-02-05,17202,93824,39.9444,-81.8922,107
2017-02-06,17203,93824,39.9444,-81.8922,1337
2017-02-07,17204,93824,39.9444,-81.8922,1361
2017-02-08,17205,93824,39.9444,-81.8922,918
2017-02-09,17206,93824,39.9444,-81.8922,1440
2017-02-10,17207,93824,39.9444,-81.8922,1440
2017-02-11,17208,93824,39.9444,-81.8922,1440
2017-02-12,17209,93824,39.9444,-81.8922,1440
2017-02-13,17210,93824,39.9444,-81.8922,1440
2017-02-14,17211,93824,39.9444,-81.8922,1440
2017-02-15,17212,93824,39.9444,-81.8922,1440
2017-02-16,17213,93824,39.9444,-81.8922,1427
2017-02-17,17214,93824,39.9444,-81.8922,1440
2017-02-18,17215,93824,39.9444,-81.8922,1440
2017-02-19,17216,93824,39.9444,-81.8922,1440
2017-02-20,17217,93824,39.9444,-81.8922,1438
2017-02-21,17218,93824,39.9444,-81.8922,1440
2017-02-22,17219,93824,39.9444,-81.8922,1440
2017-02-23,17220,93824,39.9444,-81.8922,1440
2017-02-24,17221,93824,39.9444,-81.8922,1440
2017-02-25,17222,93824,39.9444,-81.8922,1440
2017-02-26,17223,93824,39.9444,-81.8922,1436
2017-02-27,17224,93824,39.9444,-81.8922,1438
2017-02-28,17225,93824,39.9444,-81.8922,1020
2017-01-31,17197,25331,61.5961,-149.0916,180
2017-02-01,17198,25331,61.5961,-149.0916,1440
2017-02-02,17199,25331,61.5961,-149.0916,1440
2017-02-03,17200,25331,61.5961,-149.0916,1440
2017-02-04,17201,25331,61.5961,-149.0916,1440
2017-02-05,17202,25331,61.5961,-149.0916,837
2017-02-06,17203,25331,61.5961,-149.0916,1431
2017-02-07,17204,25331,61.5961,-149.0916,1440
2017-02-08,17205,25331,61.5961,-149.0916,1440
2017-02-09,17206,25331,61.5961,-149.0916,1440
2017-02-10,17207,25331,61.5961,-149.0916,1440
2017-02-11,17208,25331,61.5961,-149.0916,1440
2017-02-12,17209,25331,61.5961,-149.0916,1421
2017-02-13,17210,25331,61.5961,-149.0916,1440
2017-02-14,17211,25331,61.5961,-149.0916,1439
2017-02-15,17212,25331,61.5961,-149.0916,1435
2017-02-16,17213,25331,61.5961,-149.0916,1432
2017-02-17,17214,25331,61.5961,-149.0916,1435
2017-02-18,17215,25331,61.5961,-149.0916,1440
2017-02-19,17216,25331,61.5961,-149.0916,1436
2017-02-20,17217,25331,61.5961,-149.0916,1440
2017-02-21,17218,25331,61.5961,-149.0916,1440
2017-02-22,17219,25331,61.5961,-149.0916,1440
2017-02-23,17220,25331,61.5961,-149.0916,1440
2017-02-24,17221,25331,61.5961,-149.0916,1440
2017-02-25,17222,25331,61.5961,-149.0916,1440
2017-02-26,17223,25331,61.5961,-149.0916,1440
2017-02-27,17224,25331,61.5961,-149.0916,1440
2017-02-28,17225,25331,61.5961,-149.0916,1259
2017-01-31,17197,26615,60.785,-161.8293,180
2017-02-01,17198,26615,60.785,-161.8293,1440
2017-02-02,17199,26615,60.785,-161.8293,1439
2017-02-03,17200,26615,60.785,-161.8293,1440
2017-02-04,17201,26615,60.785,-161.8293,1440
2017-02-05,17202,26615,60.785,-161.8293,836
2017-02-06,17203,26615,60.785,-161.8293,1430
2017-02-07,17204,26615,60.785,-161.8293,1435
2017-02-08,17205,26615,60.785,-161.8293,1440
2017-02-09,17206,26615,60.785,-161.8293,840
2017-02-10,17207,26615,60.785,-161.8293,1440
2017-02-11,17208,26615,60.785,-161.8293,1435
2017-02-12,17209,26615,60.785,-161.8293,1429
2017-02-13,17210,26615,60.785,-161.8293,1430
2017-02-14,17211,26615,60.785,-161.8293,1425
2017-02-15,17212,26615,60.785,-161.8293,1419
2017-02-16,17213,26615,60.785,-161.8293,1435
2017-02-17,17214,26615,60.785,-161.8293,1440
2017-02-18,17215,26615,60.785,-161.8293,1435
2017-02-19,17216,26615,60.785,-161.8293,835
2017-02-20,17217,26615,60.785,-161.8293,844
2017-02-21,17218,26615,60.785,-161.8293,1435
2017-02-22,17219,26615,60.785,-161.8293,1097
2017-02-23,17220,26615,60.785,-161.8293,1165
2017-02-24,17221,26615,60.785,-161.8293,1440
2017-02-25,17222,26615,60.785,-161.8293,1292
2017-02-26,17223,26615,60.785,-161.8293,984
2017-02-27,17224,26615,60.785,-161.8293,1435
2017-02-28,17225,26615,60.785,-161.8293,1260
2017-01-31,17197,26415,63.9944,-145.7214,180
2017-02-01,17198,26415,63.9944,-145.7214,1440
2017-02-02,17199,26415,63.9944,-145.7214,1440
2017-02-03,17200,26415,63.9944,-145.7214,1440
2017-02-04,17201,26415,63.9944,-145.7214,1440
2017-02-05,17202,26415,63.9944,-145.7214,838
2017-02-06,17203,26415,63.9944,-145.7214,1440
2017-02-07,17204,26415,63.9944,-145.7214,1440
2017-02-08,17205,26415,63.9944,-145.7214,1425
2017-02-09,17206,26415,63.9944,-145.7214,1440
2017-02-10,17207,26415,63.9944,-145.7214,1440
2017-02-11,17208,26415,63.9944,-145.7214,1440
2017-02-12,17209,26415,63.9944,-145.7214,993
2017-02-13,17210,26415,63.9944,-145.7214,1289
2017-02-14,17211,26415,63.9944,-145.7214,1420
2017-02-15,17212,26415,63.9944,-145.7214,1436
2017-02-16,17213,26415,63.9944,-145.7214,1440
2017-02-17,17214,26415,63.9944,-145.7214,1440
2017-02-18,17215,26415,63.9944,-145.7214,1440
2017-02-19,17216,26415,63.9944,-145.7214,1440
2017-02-20,17217,26415,63.9944,-145.7214,1440
2017-02-21,17218,26415,63.9944,-145.7214,1440
2017-02-22,17219,26415,63.9944,-145.7214,1440
2017-02-23,17220,26415,63.9944,-145.7214,1440
2017-02-24,17221,26415,63.9944,-145.7214,1440
2017-02-25,17222,26415,63.9944,-145.7214,1440
2017-02-26,17223,26415,63.9944,-145.7214,1440
2017-02-27,17224,26415,63.9944,-145.7214,1440
2017-02-28,17225,26415,63.9944,-145.7214,1260
2017-01-31,17197,27502,71.2834,-156.7815,30
2017-02-01,17198,27502,71.2834,-156.7815,988
2017-02-02,17199,27502,71.2834,-156.7815,843
2017-02-03,17200,27502,71.2834,-156.7815,1440
2017-02-04,17201,27502,71.2834,-156.7815,1440
2017-02-05,17202,27502,71.2834,-156.7815,838
2017-02-06,17203,27502,71.2834,-156.7815,1440
2017-02-07,17204,27502,71.2834,-156.7815,1287
2017-02-08,17205,27502,71.2834,-156.7815,991
2017-02-09,17206,27502,71.2834,-156.7815,1440
2017-02-10,17207,27502,71.2834,-156.7815,1100
2017-02-11,17208,27502,71.2834,-156.7815,1440
2017-02-12,17209,27502,71.2834,-156.7815,842
2017-02-13,17210,27502,71.2834,-156.7815,1440
2017-02-14,17211,27502,71.2834,-156.7815,1413
2017-02-15,17212,27502,71.2834,-156.7815,870
2017-02-16,17213,27502,71.2834,-156.7815,1172
2017-02-17,17214,27502,71.2834,-156.7815,720
2017-02-18,17215,27502,71.2834,-156.7815,1228
2017-02-19,17216,27502,71.2834,-156.7815,1440
2017-02-20,17217,27502,71.2834,-156.7815,837
2017-02-21,17218,27502,71.2834,-156.7815,1440
2017-02-22,17219,27502,71.2834,-156.7815,1440
2017-02-23,17220,27502,71.2834,-156.7815,971
2017-02-24,17221,27502,71.2834,-156.7815,1440
2017-02-25,17222,27502,71.2834,-156.7815,840
2017-02-26,17223,27502,71.2834,-156.7815,1438
2017-02-27,17224,27502,71.2834,-156.7815,1440
2017-02-28,17225,27502,71.2834,-156.7815,1260
2017-01-31,17197,26533,66.9175,-151.5189,180
2017-02-01,17198,26533,66.9175,-151.5189,1167
2017-02-02,17199,26533,66.9175,-151.5189,983
2017-02-03,17200,26533,66.9175,-151.5189,1440
2017-02-04,17201,26533,66.9175,-151.5189,1358
2017-02-05,17202,26533,66.9175,-151.5189,634
2017-02-06,17203,26533,66.9175,-151.5189,1440
2017-02-07,17204,26533,66.9175,-151.5189,1440
2017-02-08,17205,26533,66.9175,-151.5189,1247
2017-02-09,17206,26533,66.9175,-151.5189,1295
2017-02-10,17207,26533,66.9175,-151.5189,1440
2017-02-11,17208,26533,66.9175,-151.5189,1195
2017-02-12,17209,26533,66.9175,-151.5189,836
2017-02-13,17210,26533,66.9175,-151.5189,207
2017-02-14,17211,26533,66.9175,-151.5189,560
2017-02-15,17212,26533,66.9175,-151.5189,1195
2017-02-16,17213,26533,66.9175,-151.5189,953
2017-02-17,17214,26533,66.9175,-151.5189,945
2017-02-18,17215,26533,66.9175,-151.5189,1440
2017-02-19,17216,26533,66.9175,-151.5189,810
2017-02-20,17217,26533,66.9175,-151.5189,1440
2017-02-21,17218,26533,66.9175,-151.5189,1440
2017-02-22,17219,26533,66.9175,-151.5189,1440
2017-02-23,17220,26533,66.9175,-151.5189,1228
2017-02-24,17221,26533,66.9175,-151.5189,1400
2017-02-25,17222,26533,66.9175,-151.5189,925
2017-02-26,17223,26533,66.9175,-151.5189,333
2017-02-27,17224,26533,66.9175,-151.5189,682
2017-02-28,17225,26533,66.9175,-151.5189,1118
2017-01-31,17197,25624,55.2208,-162.7325,180
2017-02-01,17198,25624,55.2208,-162.7325,1165
2017-02-02,17199,25624,55.2208,-162.7325,720
2017-02-03,17200,25624,55.2208,-162.7325,1236
2017-02-04,17201,25624,55.2208,-162.7325,1440
2017-02-05,17202,25624,55.2208,-162.7325,661
2017-02-06,17203,25624,55.2208,-162.7325,1440
2017-02-07,17204,25624,55.2208,-162.7325,1282
2017-02-08,17205,25624,55.2208,-162.7325,758
2017-02-09,17206,25624,55.2208,-162.7325,1440
2017-02-10,17207,25624,55.2208,-162.7325,1225
2017-02-11,17208,25624,55.2208,-162.7325,1054
2017-02-12,17209,25624,55.2208,-162.7325,986
2017-02-13,17210,25624,55.2208,-162.7325,1297
2017-02-14,17211,25624,55.2208,-162.7325,836
2017-02-15,17212,25624,55.2208,-162.7325,1307
2017-02-16,17213,25624,55.2208,-162.7325,1167
2017-02-17,17214,25624,55.2208,-162.7325,1114
2017-02-18,17215,25624,55.2208,-162.7325,926
2017-02-19,17216,25624,55.2208,-162.7325,756
2017-02-20,17217,25624,55.2208,-162.7325,841
2017-02-21,17218,25624,55.2208,-162.7325,1440
2017-02-22,17219,25624,55.2208,-162.7325,1440
2017-02-23,17220,25624,55.2208,-162.7325,1430
2017-02-24,17221,25624,55.2208,-162.7325,1435
2017-02-25,17222,25624,55.2208,-162.7325,837
2017-02-26,17223,25624,55.2208,-162.7325,1440
2017-02-27,17224,25624,55.2208,-162.7325,1440
2017-02-28,17225,25624,55.2208,-162.7325,660
2017-01-31,17197,26410,60.4888,-145.4511,180
2017-02-01,17198,26410,60.4888,-145.4511,1440
2017-02-02,17199,26410,60.4888,-145.4511,1432
2017-02-03,17200,26410,60.4888,-145.4511,1436
2017-02-04,17201,26410,60.4888,-145.4511,1440
2017-02-05,17202,26410,60.4888,-145.4511,839
2017-02-06,17203,26410,60.4888,-145.4511,1440
2017-02-07,17204,26410,60.4888,-145.4511,1440
2017-02-08,17205,26410,60.4888,-145.4511,1440
2017-02-09,17206,26410,60.4888,-145.4511,1440
2017-02-10,17207,26410,60.4888,-145.4511,1440
2017-02-11,17208,26410,60.4888,-145.4511,1440
2017-02-12,17209,26410,60.4888,-145.4511,1440
2017-02-13,17210,26410,60.4888,-145.4511,1439
2017-02-14,17211,26410,60.4888,-145.4511,1427
2017-02-15,17212,26410,60.4888,-145.4511,1436
2017-02-16,17213,26410,60.4888,-145.4511,1440
2017-02-17,17214,26410,60.4888,-145.4511,1436
2017-02-18,17215,26410,60.4888,-145.4511,1440
2017-02-19,17216,26410,60.4888,-145.4511,1440
2017-02-20,17217,26410,60.4888,-145.4511,1440
2017-02-21,17218,26410,60.4888,-145.4511,1440
2017-02-22,17219,26410,60.4888,-145.4511,1440
2017-02-23,17220,26410,60.4888,-145.4511,1440
2017-02-24,17221,26410,60.4888,-145.4511,1436
2017-02-25,17222,26410,60.4888,-145.4511,1440
2017-02-26,17223,26410,60.4888,-145.4511,1440
2017-02-27,17224,26410,60.4888,-145.4511,1440
2017-02-28,17225,26410,60.4888,-145.4511,1255
2017-02-04,17201,26643,66.0689,-162.7639,541
2017-02-25,17222,26643,66.0689,-162.7639,269
2017-01-31,17197,25501,57.7511,-152.4856,180
2017-02-01,17198,25501,57.7511,-152.4856,1228
2017-02-02,17199,25501,57.7511,-152.4856,1053
2017-02-03,17200,25501,57.7511,-152.4856,1435
2017-02-04,17201,25501,57.7511,-152.4856,1438
2017-02-05,17202,25501,57.7511,-152.4856,648
2017-02-06,17203,25501,57.7511,-152.4856,848
2017-02-07,17204,25501,57.7511,-152.4856,1347
2017-02-08,17205,25501,57.7511,-152.4856,928
2017-02-09,17206,25501,57.7511,-152.4856,1427
2017-02-10,17207,25501,57.7511,-152.4856,1435
2017-02-11,17208,25501,57.7511,-152.4856,805
2017-02-12,17209,25501,57.7511,-152.4856,1433
2017-02-13,17210,25501,57.7511,-152.4856,1440
2017-02-14,17211,25501,57.7511,-152.4856,845
2017-02-15,17212,25501,57.7511,-152.4856,1425
2017-02-16,17213,25501,57.7511,-152.4856,1435
2017-02-17,17214,25501,57.7511,-152.4856,847
2017-02-18,17215,25501,57.7511,-152.4856,988
2017-02-19,17216,25501,57.7511,-152.4856,1295
2017-02-20,17217,25501,57.7511,-152.4856,1406
2017-02-21,17218,25501,57.7511,-152.4856,874
2017-02-22,17219,25501,57.7511,-152.4856,1432
2017-02-23,17220,25501,57.7511,-152.4856,1044
2017-02-24,17221,25501,57.7511,-152.4856,1349
2017-02-25,17222,25501,57.7511,-152.4856,828
2017-02-26,17223,25501,57.7511,-152.4856,1220
2017-02-27,17224,25501,57.7511,-152.4856,392
2017-02-28,17225,25501,57.7511,-152.4856,1260
2017-01-31,17197,26422,64.7767,-141.1483,180
2017-02-01,17198,26422,64.7767,-141.1483,537
2017-02-02,17199,26422,64.7767,-141.1483,1165
2017-02-03,17200,26422,64.7767,-141.1483,840
2017-02-04,17201,26422,64.7767,-141.1483,124
2017-02-05,17202,26422,64.7767,-141.1483,835
2017-02-06,17203,26422,64.7767,-141.1483,148
2017-02-08,17205,26422,64.7767,-141.1483,715
2017-02-09,17206,26422,64.7767,-141.1483,2
2017-02-13,17210,26422,64.7767,-141.1483,556
2017-02-14,17211,26422,64.7767,-141.1483,142
2017-02-23,17220,26422,64.7767,-141.1483,715
2017-02-25,17222,26422,64.7767,-141.1483,235
2017-02-26,17223,26422,64.7767,-141.1483,481
2017-02-27,17224,26422,64.7767,-141.1483,476
2017-02-28,17225,26422,64.7767,-141.1483,904
2017-01-31,17197,26523,60.5797,-151.2391,180
2017-02-01,17198,26523,60.5797,-151.2391,1436
2017-02-02,17199,26523,60.5797,-151.2391,1440
2017-02-03,17200,26523,60.5797,-151.2391,837
2017-02-04,17201,26523,60.5797,-151.2391,840
2017-02-05,17202,26523,60.5797,-151.2391,1440
2017-02-06,17203,26523,60.5797,-151.2391,1440
2017-02-07,17204,26523,60.5797,-151.2391,744
2017-02-08,17205,26523,60.5797,-151.2391,1199
2017-02-09,17206,26523,60.5797,-151.2391,1440
2017-02-10,17207,26523,60.5797,-151.2391,1440
2017-02-11,17208,26523,60.5797,-151.2391,1440
2017-02-12,17209,26523,60.5797,-151.2391,1440
2017-02-13,17210,26523,60.5797,-151.2391,1440
2017-02-14,17211,26523,60.5797,-151.2391,1440
2017-02-15,17212,26523,60.5797,-151.2391,1440
2017-02-16,17213,26523,60.5797,-151.2391,1440
2017-02-17,17214,26523,60.5797,-151.2391,1440
2017-02-18,17215,26523,60.5797,-151.2391,1440
2017-02-19,17216,26523,60.5797,-151.2391,1440
2017-02-20,17217,26523,60.5797,-151.2391,1440
2017-02-21,17218,26523,60.5797,-151.2391,1440
2017-02-22,17219,26523,60.5797,-151.2391,1440
2017-02-23,17220,26523,60.5797,-151.2391,1440
2017-02-24,17221,26523,60.5797,-151.2391,1440
2017-02-25,17222,26523,60.5797,-151.2391,1440
2017-02-26,17223,26523,60.5797,-151.2391,1440
2017-02-27,17224,26523,60.5797,-151.2391,1440
2017-02-28,17225,26523,60.5797,-151.2391,1260
2017-01-31,17197,26411,64.8039,-147.8761,180
2017-02-01,17198,26411,64.8039,-147.8761,1440
2017-02-02,17199,26411,64.8039,-147.8761,1440
2017-02-03,17200,26411,64.8039,-147.8761,1440
2017-02-04,17201,26411,64.8039,-147.8761,1440
2017-02-05,17202,26411,64.8039,-147.8761,1440
2017-02-06,17203,26411,64.8039,-147.8761,1440
2017-02-07,17204,26411,64.8039,-147.8761,1440
2017-02-08,17205,26411,64.8039,-147.8761,1440
2017-02-09,17206,26411,64.8039,-147.8761,1440
2017-02-10,17207,26411,64.8039,-147.8761,1440
2017-02-11,17208,26411,64.8039,-147.8761,1393
2017-02-12,17209,26411,64.8039,-147.8761,1440
2017-02-13,17210,26411,64.8039,-147.8761,1440
2017-02-14,17211,26411,64.8039,-147.8761,1436
2017-02-15,17212,26411,64.8039,-147.8761,1436
2017-02-16,17213,26411,64.8039,-147.8761,1440
2017-02-17,17214,26411,64.8039,-147.8761,1439
2017-02-18,17215,26411,64.8039,-147.8761,1440
2017-02-19,17216,26411,64.8039,-147.8761,1440
2017-02-20,17217,26411,64.8039,-147.8761,1440
2017-02-21,17218,26411,64.8039,-147.8761,1440
2017-02-22,17219,26411,64.8039,-147.8761,1440
2017-02-23,17220,26411,64.8039,-147.8761,1440
2017-02-24,17221,26411,64.8039,-147.8761,1411
2017-02-25,17222,26411,64.8039,-147.8761,1435
2017-02-26,17223,26411,64.8039,-147.8761,1435
2017-02-27,17224,26411,64.8039,-147.8761,1435
2017-02-28,17225,26411,64.8039,-147.8761,1260
2017-02-08,17205,26425,62.1591,-145.4588,10
2017-02-23,17220,26425,62.1591,-145.4588,1154
2017-02-24,17221,26425,62.1591,-145.4588,1440
2017-02-25,17222,26425,62.1591,-145.4588,1436
2017-02-26,17223,26425,62.1591,-145.4588,1440
2017-02-27,17224,26425,62.1591,-145.4588,1272
2017-02-28,17225,26425,62.1591,-145.4588,1260
2017-01-31,17197,25335,59.4556,-135.3239,160
2017-02-01,17198,25335,59.4556,-135.3239,1440
2017-02-02,17199,25335,59.4556,-135.3239,1440
2017-02-03,17200,25335,59.4556,-135.3239,1440
2017-02-04,17201,25335,59.4556,-135.3239,1435
2017-02-05,17202,25335,59.4556,-135.3239,1416
2017-02-06,17203,25335,59.4556,-135.3239,1440
2017-02-07,17204,25335,59.4556,-135.3239,1430
2017-02-08,17205,25335,59.4556,-135.3239,1440
2017-02-09,17206,25335,59.4556,-135.3239,1440
2017-02-10,17207,25335,59.4556,-135.3239,1435
2017-02-11,17208,25335,59.4556,-135.3239,1440
2017-02-12,17209,25335,59.4556,-135.3239,1440
2017-02-13,17210,25335,59.4556,-135.3239,1410
2017-02-14,17211,25335,59.4556,-135.3239,1417
2017-02-15,17212,25335,59.4556,-135.3239,1436
2017-02-16,17213,25335,59.4556,-135.3239,1417
2017-02-17,17214,25335,59.4556,-135.3239,1440
2017-02-18,17215,25335,59.4556,-135.3239,1424
2017-02-19,17216,25335,59.4556,-135.3239,1431
2017-02-20,17217,25335,59.4556,-135.3239,1382
2017-02-21,17218,25335,59.4556,-135.3239,1440
2017-02-22,17219,25335,59.4556,-135.3239,1435
2017-02-23,17220,25335,59.4556,-135.3239,1440
2017-02-24,17221,25335,59.4556,-135.3239,1435
2017-02-25,17222,25335,59.4556,-135.3239,1431
2017-02-26,17223,25335,59.4556,-135.3239,1440
2017-02-27,17224,25335,59.4556,-135.3239,1440
2017-02-28,17225,25335,59.4556,-135.3239,1260
2017-01-31,17197,25323,59.2433,-135.5094,180
2017-02-01,17198,25323,59.2433,-135.5094,1440
2017-02-02,17199,25323,59.2433,-135.5094,1440
2017-02-03,17200,25323,59.2433,-135.5094,1416
2017-02-04,17201,25323,59.2433,-135.5094,1431
2017-02-05,17202,25323,59.2433,-135.5094,1431
2017-02-06,17203,25323,59.2433,-135.5094,1427
2017-02-07,17204,25323,59.2433,-135.5094,1440
2017-02-08,17205,25323,59.2433,-135.5094,1440
2017-02-09,17206,25323,59.2433,-135.5094,1440
2017-02-10,17207,25323,59.2433,-135.5094,1436
2017-02-11,17208,25323,59.2433,-135.5094,1347
2017-02-12,17209,25323,59.2433,-135.5094,1410
2017-02-13,17210,25323,59.2433,-135.5094,1430
2017-02-14,17211,25323,59.2433,-135.5094,1439
2017-02-15,17212,25323,59.2433,-135.5094,1435
2017-02-16,17213,25323,59.2433,-135.5094,1112
2017-02-17,17214,25323,59.2433,-135.5094,1440
2017-02-18,17215,25323,59.2433,-135.5094,1440
2017-02-19,17216,25323,59.2433,-135.5094,1440
2017-02-20,17217,25323,59.2433,-135.5094,1440
2017-02-21,17218,25323,59.2433,-135.5094,1440
2017-02-22,17219,25323,59.2433,-135.5094,1440
2017-02-23,17220,25323,59.2433,-135.5094,1426
2017-02-24,17221,25323,59.2433,-135.5094,1436
2017-02-25,17222,25323,59.2433,-135.5094,1435
2017-02-26,17223,25323,59.2433,-135.5094,1440
2017-02-27,17224,25323,59.2433,-135.5094,1440
2017-02-28,17225,25323,59.2433,-135.5094,1260
2017-01-31,17197,25507,59.642,-151.4908,180
2017-02-01,17198,25507,59.642,-151.4908,1435
2017-02-02,17199,25507,59.642,-151.4908,1440
2017-02-03,17200,25507,59.642,-151.4908,1440
2017-02-04,17201,25507,59.642,-151.4908,1440
2017-02-05,17202,25507,59.642,-151.4908,1440
2017-02-06,17203,25507,59.642,-151.4908,1440
2017-02-07,17204,25507,59.642,-151.4908,1440
2017-02-08,17205,25507,59.642,-151.4908,1440
2017-02-09,17206,25507,59.642,-151.4908,1379
2017-02-10,17207,25507,59.642,-151.4908,1391
2017-02-11,17208,25507,59.642,-151.4908,1440
2017-02-12,17209,25507,59.642,-151.4908,1440
2017-02-13,17210,25507,59.642,-151.4908,1436
2017-02-14,17211,25507,59.642,-151.4908,1440
2017-02-15,17212,25507,59.642,-151.4908,1440
2017-02-16,17213,25507,59.642,-151.4908,1437
2017-02-17,17214,25507,59.642,-151.4908,1440
2017-02-18,17215,25507,59.642,-151.4908,1440
2017-02-19,17216,25507,59.642,-151.4908,1440
2017-02-20,17217,25507,59.642,-151.4908,1440
2017-02-21,17218,25507,59.642,-151.4908,1440
2017-02-22,17219,25507,59.642,-151.4908,1440
2017-02-23,17220,25507,59.642,-151.4908,1440
2017-02-24,17221,25507,59.642,-151.4908,1440
2017-02-25,17222,25507,59.642,-151.4908,1440
2017-02-26,17223,25507,59.642,-151.4908,1440
2017-02-27,17224,25507,59.642,-151.4908,1435
2017-02-28,17225,25507,59.642,-151.4908,1260
2017-01-31,17197,25506,59.7494,-154.9089,180
2017-02-01,17198,25506,59.7494,-154.9089,1440
2017-02-02,17199,25506,59.7494,-154.9089,1440
2017-02-03,17200,25506,59.7494,-154.9089,1440
2017-02-04,17201,25506,59.7494,-154.9089,1440
2017-02-05,17202,25506,59.7494,-154.9089,1440
2017-02-06,17203,25506,59.7494,-154.9089,1440
2017-02-07,17204,25506,59.7494,-154.9089,1440
2017-02-08,17205,25506,59.7494,-154.9089,1440
2017-02-09,17206,25506,59.7494,-154.9089,1429
2017-02-10,17207,25506,59.7494,-154.9089,1440
2017-02-11,17208,25506,59.7494,-154.9089,1440
2017-02-12,17209,25506,59.7494,-154.9089,1440
2017-02-13,17210,25506,59.7494,-154.9089,839
2017-02-14,17211,25506,59.7494,-154.9089,1440
2017-02-15,17212,25506,59.7494,-154.9089,1440
2017-02-16,17213,25506,59.7494,-154.9089,1440
2017-02-17,17214,25506,59.7494,-154.9089,1440
2017-02-18,17215,25506,59.7494,-154.9089,1440
2017-02-19,17216,25506,59.7494,-154.9089,1440
2017-02-20,17217,25506,59.7494,-154.9089,1436
2017-02-21,17218,25506,59.7494,-154.9089,1440
2017-02-22,17219,25506,59.7494,-154.9089,1440
2017-02-23,17220,25506,59.7494,-154.9089,1440
2017-02-24,17221,25506,59.7494,-154.9089,1366
2017-02-25,17222,25506,59.7494,-154.9089,914
2017-02-26,17223,25506,59.7494,-154.9089,1440
2017-02-27,17224,25506,59.7494,-154.9089,1431
2017-02-28,17225,25506,59.7494,-154.9089,1260
2017-01-31,17197,25309,58.3566,-134.564,180
2017-02-01,17198,25309,58.3566,-134.564,1440
2017-02-02,17199,25309,58.3566,-134.564,1433
2017-02-03,17200,25309,58.3566,-134.564,1408
2017-02-04,17201,25309,58.3566,-134.564,1440
2017-02-05,17202,25309,58.3566,-134.564,1440
2017-02-06,17203,25309,58.3566,-134.564,1437
2017-02-07,17204,25309,58.3566,-134.564,1440
2017-02-08,17205,25309,58.3566,-134.564,1412
2017-02-09,17206,25309,58.3566,-134.564,1440
2017-02-10,17207,25309,58.3566,-134.564,1429
2017-02-11,17208,25309,58.3566,-134.564,1440
2017-02-12,17209,25309,58.3566,-134.564,1439
2017-02-13,17210,25309,58.3566,-134.564,1440
2017-02-14,17211,25309,58.3566,-134.564,1440
2017-02-15,17212,25309,58.3566,-134.564,1440
2017-02-16,17213,25309,58.3566,-134.564,1440
2017-02-17,17214,25309,58.3566,-134.564,1407
2017-02-18,17215,25309,58.3566,-134.564,1440
2017-02-19,17216,25309,58.3566,-134.564,1440
2017-02-20,17217,25309,58.3566,-134.564,1440
2017-02-21,17218,25309,58.3566,-134.564,1440
2017-02-22,17219,25309,58.3566,-134.564,1440
2017-02-23,17220,25309,58.3566,-134.564,1440
2017-02-24,17221,25309,58.3566,-134.564,1440
2017-02-25,17222,25309,58.3566,-134.564,1440
2017-02-26,17223,25309,58.3566,-134.564,1440
2017-02-27,17224,25309,58.3566,-134.564,1440
2017-02-28,17225,25309,58.3566,-134.564,1208
2017-01-31,17197,25503,58.6829,-156.6563,180
2017-02-01,17198,25503,58.6829,-156.6563,1409
2017-02-02,17199,25503,58.6829,-156.6563,1440
2017-02-03,17200,25503,58.6829,-156.6563,1440
2017-02-04,17201,25503,58.6829,-156.6563,1440
2017-02-05,17202,25503,58.6829,-156.6563,1440
2017-02-06,17203,25503,58.6829,-156.6563,1440
2017-02-07,17204,25503,58.6829,-156.6563,1440
2017-02-08,17205,25503,58.6829,-156.6563,1440
2017-02-09,17206,25503,58.6829,-156.6563,1440
2017-02-10,17207,25503,58.6829,-156.6563,1440
2017-02-11,17208,25503,58.6829,-156.6563,1440
2017-02-12,17209,25503,58.6829,-156.6563,1440
2017-02-13,17210,25503,58.6829,-156.6563,1440
2017-02-14,17211,25503,58.6829,-156.6563,1435
2017-02-15,17212,25503,58.6829,-156.6563,1440
2017-02-16,17213,25503,58.6829,-156.6563,1440
2017-02-17,17214,25503,58.6829,-156.6563,1440
2017-02-18,17215,25503,58.6829,-156.6563,1440
2017-02-19,17216,25503,58.6829,-156.6563,1440
2017-02-20,17217,25503,58.6829,-156.6563,839
2017-02-21,17218,25503,58.6829,-156.6563,1440
2017-02-22,17219,25503,58.6829,-156.6563,1440
2017-02-23,17220,25503,58.6829,-156.6563,1440
2017-02-24,17221,25503,58.6829,-156.6563,1440
2017-02-25,17222,25503,58.6829,-156.6563,1440
2017-02-26,17223,25503,58.6829,-156.6563,1440
2017-02-27,17224,25503,58.6829,-156.6563,1440
2017-02-28,17225,25503,58.6829,-156.6563,1260
2017-01-31,17197,25325,55.3596,-131.7207,180
2017-02-01,17198,25325,55.3596,-131.7207,1224
2017-02-02,17199,25325,55.3596,-131.7207,1048
2017-02-03,17200,25325,55.3596,-131.7207,1301
2017-02-04,17201,25325,55.3596,-131.7207,1409
2017-02-05,17202,25325,55.3596,-131.7207,632
2017-02-06,17203,25325,55.3596,-131.7207,1374
2017-02-07,17204,25325,55.3596,-131.7207,1390
2017-02-08,17205,25325,55.3596,-131.7207,860
2017-02-09,17206,25325,55.3596,-131.7207,1440
2017-02-10,17207,25325,55.3596,-131.7207,1440
2017-02-11,17208,25325,55.3596,-131.7207,1440
2017-02-12,17209,25325,55.3596,-131.7207,1439
2017-02-13,17210,25325,55.3596,-131.7207,1440
2017-02-14,17211,25325,55.3596,-131.7207,1440
2017-02-15,17212,25325,55.3596,-131.7207,1440
2017-02-16,17213,25325,55.3596,-131.7207,1440
2017-02-17,17214,25325,55.3596,-131.7207,1440
2017-02-18,17215,25325,55.3596,-131.7207,1440
2017-02-19,17216,25325,55.3596,-131.7207,1440
2017-02-20,17217,25325,55.3596,-131.7207,1440
2017-02-21,17218,25325,55.3596,-131.7207,1440
2017-02-22,17219,25325,55.3596,-131.7207,1440
2017-02-23,17220,25325,55.3596,-131.7207,1440
2017-02-24,17221,25325,55.3596,-131.7207,1440
2017-02-25,17222,25325,55.3596,-131.7207,1440
2017-02-26,17223,25325,55.3596,-131.7207,1440
2017-02-27,17224,25325,55.3596,-131.7207,1440
2017-02-28,17225,25325,55.3596,-131.7207,1260
2017-01-31,17197,26502,64.3267,-158.7417,180
2017-02-01,17198,26502,64.3267,-158.7417,1440
2017-02-02,17199,26502,64.3267,-158.7417,971
2017-02-03,17200,26502,64.3267,-158.7417,1016
2017-02-04,17201,26502,64.3267,-158.7417,1195
2017-02-05,17202,26502,64.3267,-158.7417,671
2017-02-06,17203,26502,64.3267,-158.7417,1440
2017-02-07,17204,26502,64.3267,-158.7417,1276
2017-02-08,17205,26502,64.3267,-158.7417,865
2017-02-09,17206,26502,64.3267,-158.7417,838
2017-02-10,17207,26502,64.3267,-158.7417,1440
2017-02-11,17208,26502,64.3267,-158.7417,1438
2017-02-12,17209,26502,64.3267,-158.7417,1252
2017-02-13,17210,26502,64.3267,-158.7417,1141
2017-02-14,17211,26502,64.3267,-158.7417,1324
2017-02-15,17212,26502,64.3267,-158.7417,1398
2017-02-16,17213,26502,64.3267,-158.7417,900
2017-02-17,17214,26502,64.3267,-158.7417,1440
2017-02-18,17215,26502,64.3267,-158.7417,1344
2017-02-19,17216,26502,64.3267,-158.7417,1440
2017-02-20,17217,26502,64.3267,-158.7417,1440
2017-02-21,17218,26502,64.3267,-158.7417,846
2017-02-22,17219,26502,64.3267,-158.7417,1440
2017-02-23,17220,26502,64.3267,-158.7417,1164
2017-02-24,17221,26502,64.3267,-158.7417,1250
2017-02-25,17222,26502,64.3267,-158.7417,822
2017-02-26,17223,26502,64.3267,-158.7417,1431
2017-02-27,17224,26502,64.3267,-158.7417,1440
2017-02-28,17225,26502,64.3267,-158.7417,1260
2017-02-04,17201,25367,55.58,-133.075,701
2017-02-05,17202,25367,55.58,-133.075,551
2017-02-06,17203,25367,55.58,-133.075,161
2017-02-24,17221,25367,55.58,-133.075,702
2017-02-25,17222,25367,55.58,-133.075,18
2017-02-27,17224,25367,55.58,-133.075,383
2017-02-28,17225,25367,55.58,-133.075,335
2017-01-31,17197,26491,61.1781,-149.9664,180
2017-02-01,17198,26491,61.1781,-149.9664,1440
2017-02-02,17199,26491,61.1781,-149.9664,1440
2017-02-03,17200,26491,61.1781,-149.9664,1440
2017-02-04,17201,26491,61.1781,-149.9664,1440
2017-02-05,17202,26491,61.1781,-149.9664,645
2017-02-06,17203,26491,61.1781,-149.9664,1440
2017-02-07,17204,26491,61.1781,-149.9664,1342
2017-02-08,17205,26491,61.1781,-149.9664,919
2017-02-09,17206,26491,61.1781,-149.9664,1440
2017-02-10,17207,26491,61.1781,-149.9664,1440
2017-02-11,17208,26491,61.1781,-149.9664,1440
2017-02-12,17209,26491,61.1781,-149.9664,1440
2017-02-13,17210,26491,61.1781,-149.9664,1440
2017-02-14,17211,26491,61.1781,-149.9664,1430
2017-02-15,17212,26491,61.1781,-149.9664,1440
2017-02-16,17213,26491,61.1781,-149.9664,1440
2017-02-17,17214,26491,61.1781,-149.9664,1099
2017-02-18,17215,26491,61.1781,-149.9664,1179
2017-02-19,17216,26491,61.1781,-149.9664,1440
2017-02-20,17217,26491,61.1781,-149.9664,1440
2017-02-21,17218,26491,61.1781,-149.9664,1440
2017-02-22,17219,26491,61.1781,-149.9664,1440
2017-02-23,17220,26491,61.1781,-149.9664,1440
2017-02-24,17221,26491,61.1781,-149.9664,1440
2017-02-25,17222,26491,61.1781,-149.9664,1440
2017-02-26,17223,26491,61.1781,-149.9664,1440
2017-02-27,17224,26491,61.1781,-149.9664,1435
2017-02-28,17225,26491,61.1781,-149.9664,1260
2017-01-31,17197,26510,62.9574,-155.6103,180
2017-02-01,17198,26510,62.9574,-155.6103,1440
2017-02-02,17199,26510,62.9574,-155.6103,846
2017-02-03,17200,26510,62.9574,-155.6103,1440
2017-02-04,17201,26510,62.9574,-155.6103,1440
2017-02-05,17202,26510,62.9574,-155.6103,847
2017-02-06,17203,26510,62.9574,-155.6103,1440
2017-02-07,17204,26510,62.9574,-155.6103,1340
2017-02-08,17205,26510,62.9574,-155.6103,921
2017-02-09,17206,26510,62.9574,-155.6103,1440
2017-02-10,17207,26510,62.9574,-155.6103,1440
2017-02-11,17208,26510,62.9574,-155.6103,1440
2017-02-12,17209,26510,62.9574,-155.6103,1440
2017-02-13,17210,26510,62.9574,-155.6103,1440
2017-02-14,17211,26510,62.9574,-155.6103,832
2017-02-15,17212,26510,62.9574,-155.6103,1440
2017-02-16,17213,26510,62.9574,-155.6103,1201
2017-02-17,17214,26510,62.9574,-155.6103,1063
2017-02-18,17215,26510,62.9574,-155.6103,1440
2017-02-19,17216,26510,62.9574,-155.6103,1440
2017-02-20,17217,26510,62.9574,-155.6103,1440
2017-02-21,17218,26510,62.9574,-155.6103,1440
2017-02-22,17219,26510,62.9574,-155.6103,1440
2017-02-23,17220,26510,62.9574,-155.6103,1440
2017-02-24,17221,26510,62.9574,-155.6103,869
2017-02-25,17222,26510,62.9574,-155.6103,833
2017-02-26,17223,26510,62.9574,-155.6103,1440
2017-02-27,17224,26510,62.9574,-155.6103,1440
2017-02-28,17225,26510,62.9574,-155.6103,1260
2017-01-31,17197,26409,61.2169,-149.855,180
2017-02-01,17198,26409,61.2169,-149.855,1438
2017-02-02,17199,26409,61.2169,-149.855,1412
2017-02-03,17200,26409,61.2169,-149.855,838
2017-02-04,17201,26409,61.2169,-149.855,1440
2017-02-05,17202,26409,61.2169,-149.855,844
2017-02-06,17203,26409,61.2169,-149.855,1279
2017-02-07,17204,26409,61.2169,-149.855,1135
2017-02-08,17205,26409,61.2169,-149.855,925
2017-02-09,17206,26409,61.2169,-149.855,1440
2017-02-10,17207,26409,61.2169,-149.855,1440
2017-02-11,17208,26409,61.2169,-149.855,1440
2017-02-12,17209,26409,61.2169,-149.855,1440
2017-02-13,17210,26409,61.2169,-149.855,1436
2017-02-14,17211,26409,61.2169,-149.855,1434
2017-02-15,17212,26409,61.2169,-149.855,1435
2017-02-16,17213,26409,61.2169,-149.855,1428
2017-02-17,17214,26409,61.2169,-149.855,1440
2017-02-18,17215,26409,61.2169,-149.855,1440
2017-02-19,17216,26409,61.2169,-149.855,1440
2017-02-20,17217,26409,61.2169,-149.855,666
2017-02-21,17218,26409,61.2169,-149.855,1440
2017-02-22,17219,26409,61.2169,-149.855,1431
2017-02-23,17220,26409,61.2169,-149.855,1440
2017-02-24,17221,26409,61.2169,-149.855,1420
2017-02-25,17222,26409,61.2169,-149.855,1440
2017-02-26,17223,26409,61.2169,-149.855,1440
2017-02-27,17224,26409,61.2169,-149.855,1421
2017-02-28,17225,26409,61.2169,-149.855,1260
2017-01-31,17197,26451,61.169,-150.0278,174
2017-02-01,17198,26451,61.169,-150.0278,1440
2017-02-02,17199,26451,61.169,-150.0278,1440
2017-02-03,17200,26451,61.169,-150.0278,1440
2017-02-04,17201,26451,61.169,-150.0278,1440
2017-02-05,17202,26451,61.169,-150.0278,847
2017-02-06,17203,26451,61.169,-150.0278,1440
2017-02-07,17204,26451,61.169,-150.0278,1336
2017-02-08,17205,26451,61.169,-150.0278,927
2017-02-09,17206,26451,61.169,-150.0278,1428
2017-02-10,17207,26451,61.169,-150.0278,1440
2017-02-11,17208,26451,61.169,-150.0278,1370
2017-02-12,17209,26451,61.169,-150.0278,1440
2017-02-13,17210,26451,61.169,-150.0278,1440
2017-02-14,17211,26451,61.169,-150.0278,1436
2017-02-15,17212,26451,61.169,-150.0278,1413
2017-02-16,17213,26451,61.169,-150.0278,1431
2017-02-17,17214,26451,61.169,-150.0278,1440
2017-02-18,17215,26451,61.169,-150.0278,1434
2017-02-19,17216,26451,61.169,-150.0278,1440
2017-02-20,17217,26451,61.169,-150.0278,1435
2017-02-21,17218,26451,61.169,-150.0278,1440
2017-02-22,17219,26451,61.169,-150.0278,1436
2017-02-23,17220,26451,61.169,-150.0278,1440
2017-02-24,17221,26451,61.169,-150.0278,1436
2017-02-25,17222,26451,61.169,-150.0278,1433
2017-02-26,17223,26451,61.169,-150.0278,1417
2017-02-27,17224,26451,61.169,-150.0278,1435
2017-02-28,17225,26451,61.169,-150.0278,1260
2017-01-31,17197,26435,64.55,-149.0717,180
2017-02-01,17198,26435,64.55,-149.0717,1440
2017-02-02,17199,26435,64.55,-149.0717,1440
2017-02-03,17200,26435,64.55,-149.0717,1440
2017-02-04,17201,26435,64.55,-149.0717,1440
2017-02-05,17202,26435,64.55,-149.0717,847
2017-02-06,17203,26435,64.55,-149.0717,1440
2017-02-07,17204,26435,64.55,-149.0717,1334
2017-02-08,17205,26435,64.55,-149.0717,929
2017-02-09,17206,26435,64.55,-149.0717,1365
2017-02-10,17207,26435,64.55,-149.0717,1440
2017-02-11,17208,26435,64.55,-149.0717,1440
2017-02-12,17209,26435,64.55,-149.0717,1440
2017-02-13,17210,26435,64.55,-149.0717,1440
2017-02-14,17211,26435,64.55,-149.0717,1440
2017-02-15,17212,26435,64.55,-149.0717,1440
2017-02-16,17213,26435,64.55,-149.0717,1437
2017-02-17,17214,26435,64.55,-149.0717,1440
2017-02-18,17215,26435,64.55,-149.0717,1440
2017-02-19,17216,26435,64.55,-149.0717,1436
2017-02-20,17217,26435,64.55,-149.0717,831
2017-02-21,17218,26435,64.55,-149.0717,1437
2017-02-22,17219,26435,64.55,-149.0717,1440
2017-02-23,17220,26435,64.55,-149.0717,1435
2017-02-24,17221,26435,64.55,-149.0717,1430
2017-02-25,17222,26435,64.55,-149.0717,1435
2017-02-26,17223,26435,64.55,-149.0717,1431
2017-02-27,17224,26435,64.55,-149.0717,1432
2017-02-28,17225,26435,64.55,-149.0717,1260
2017-01-31,17197,25308,55.0389,-131.5787,180
2017-02-01,17198,25308,55.0389,-131.5787,1440
2017-02-02,17199,25308,55.0389,-131.5787,1440
2017-02-03,17200,25308,55.0389,-131.5787,1421
2017-02-04,17201,25308,55.0389,-131.5787,1398
2017-02-05,17202,25308,55.0389,-131.5787,629
2017-02-06,17203,25308,55.0389,-131.5787,1426
2017-02-07,17204,25308,55.0389,-131.5787,1419
2017-02-08,17205,25308,55.0389,-131.5787,1369
2017-02-09,17206,25308,55.0389,-131.5787,1440
2017-02-10,17207,25308,55.0389,-131.5787,1440
2017-02-11,17208,25308,55.0389,-131.5787,1435
2017-02-12,17209,25308,55.0389,-131.5787,1428
2017-02-13,17210,25308,55.0389,-131.5787,1440
2017-02-14,17211,25308,55.0389,-131.5787,1440
2017-02-15,17212,25308,55.0389,-131.5787,1440
2017-02-16,17213,25308,55.0389,-131.5787,1437
2017-02-17,17214,25308,55.0389,-131.5787,1440
2017-02-18,17215,25308,55.0389,-131.5787,1440
2017-02-19,17216,25308,55.0389,-131.5787,1419
2017-02-20,17217,25308,55.0389,-131.5787,1440
2017-02-21,17218,25308,55.0389,-131.5787,1419
2017-02-22,17219,25308,55.0389,-131.5787,1440
2017-02-23,17220,25308,55.0389,-131.5787,1124
2017-02-24,17221,25308,55.0389,-131.5787,1410
2017-02-25,17222,25308,55.0389,-131.5787,1440
2017-02-26,17223,25308,55.0389,-131.5787,1440
2017-02-27,17224,25308,55.0389,-131.5787,1438
2017-02-28,17225,25308,55.0389,-131.5787,1247
2017-01-31,17197,26617,64.5111,-165.44,180
2017-02-01,17198,26617,64.5111,-165.44,832
2017-02-02,17199,26617,64.5111,-165.44,1440
2017-02-03,17200,26617,64.5111,-165.44,1440
2017-02-04,17201,26617,64.5111,-165.44,1440
2017-02-05,17202,26617,64.5111,-165.44,838
2017-02-06,17203,26617,64.5111,-165.44,1440
2017-02-07,17204,26617,64.5111,-165.44,829
2017-02-08,17205,26617,64.5111,-165.44,1436
2017-02-09,17206,26617,64.5111,-165.44,1435
2017-02-10,17207,26617,64.5111,-165.44,1436
2017-02-11,17208,26617,64.5111,-165.44,1440
2017-02-12,17209,26617,64.5111,-165.44,1440
2017-02-13,17210,26617,64.5111,-165.44,1430
2017-02-14,17211,26617,64.5111,-165.44,1400
2017-02-15,17212,26617,64.5111,-165.44,1440
2017-02-16,17213,26617,64.5111,-165.44,1440
2017-02-17,17214,26617,64.5111,-165.44,1440
2017-02-18,17215,26617,64.5111,-165.44,1436
2017-02-19,17216,26617,64.5111,-165.44,1440
2017-02-20,17217,26617,64.5111,-165.44,1440
2017-02-21,17218,26617,64.5111,-165.44,1436
2017-02-22,17219,26617,64.5111,-165.44,1440
2017-02-23,17220,26617,64.5111,-165.44,1440
2017-02-24,17221,26617,64.5111,-165.44,1440
2017-02-25,17222,26617,64.5111,-165.44,1369
2017-02-26,17223,26617,64.5111,-165.44,1440
2017-02-27,17224,26617,64.5111,-165.44,1440
2017-02-28,17225,26617,64.5111,-165.44,1247
2017-01-31,17197,26412,62.9617,-141.9378,180
2017-02-01,17198,26412,62.9617,-141.9378,1440
2017-02-02,17199,26412,62.9617,-141.9378,1440
2017-02-03,17200,26412,62.9617,-141.9378,1440
2017-02-04,17201,26412,62.9617,-141.9378,1440
2017-02-05,17202,26412,62.9617,-141.9378,838
2017-02-06,17203,26412,62.9617,-141.9378,1440
2017-02-07,17204,26412,62.9617,-141.9378,1440
2017-02-08,17205,26412,62.9617,-141.9378,1440
2017-02-09,17206,26412,62.9617,-141.9378,1440
2017-02-10,17207,26412,62.9617,-141.9378,1440
2017-02-11,17208,26412,62.9617,-141.9378,1440
2017-02-12,17209,26412,62.9617,-141.9378,1440
2017-02-13,17210,26412,62.9617,-141.9378,1440
2017-02-14,17211,26412,62.9617,-141.9378,1440
2017-02-15,17212,26412,62.9617,-141.9378,1431
2017-02-16,17213,26412,62.9617,-141.9378,1440
2017-02-17,17214,26412,62.9617,-141.9378,1440
2017-02-18,17215,26412,62.9617,-141.9378,1433
2017-02-19,17216,26412,62.9617,-141.9378,1430
2017-02-20,17217,26412,62.9617,-141.9378,1377
2017-02-21,17218,26412,62.9617,-141.9378,890
2017-02-22,17219,26412,62.9617,-141.9378,1440
2017-02-23,17220,26412,62.9617,-141.9378,1440
2017-02-24,17221,26412,62.9617,-141.9378,1440
2017-02-25,17222,26412,62.9617,-141.9378,1435
2017-02-26,17223,26412,62.9617,-141.9378,1440
2017-02-27,17224,26412,62.9617,-141.9378,1440
2017-02-28,17225,26412,62.9617,-141.9378,1260
2017-01-31,17197,26616,66.8667,-162.6333,180
2017-02-01,17198,26616,66.8667,-162.6333,1440
2017-02-02,17199,26616,66.8667,-162.6333,1440
2017-02-03,17200,26616,66.8667,-162.6333,1440
2017-02-04,17201,26616,66.8667,-162.6333,1440
2017-02-05,17202,26616,66.8667,-162.6333,838
2017-02-06,17203,26616,66.8667,-162.6333,1440
2017-02-07,17204,26616,66.8667,-162.6333,1435
2017-02-08,17205,26616,66.8667,-162.6333,1440
2017-02-09,17206,26616,66.8667,-162.6333,1440
2017-02-10,17207,26616,66.8667,-162.6333,1440
2017-02-11,17208,26616,66.8667,-162.6333,1440
2017-02-12,17209,26616,66.8667,-162.6333,1440
2017-02-13,17210,26616,66.8667,-162.6333,1440
2017-02-14,17211,26616,66.8667,-162.6333,1439
2017-02-15,17212,26616,66.8667,-162.6333,847
2017-02-16,17213,26616,66.8667,-162.6333,1440
2017-02-17,17214,26616,66.8667,-162.6333,1440
2017-02-18,17215,26616,66.8667,-162.6333,1440
2017-02-19,17216,26616,66.8667,-162.6333,1440
2017-02-20,17217,26616,66.8667,-162.6333,1440
2017-02-21,17218,26616,66.8667,-162.6333,1440
2017-02-22,17219,26616,66.8667,-162.6333,1440
2017-02-23,17220,26616,66.8667,-162.6333,1439
2017-02-24,17221,26616,66.8667,-162.6333,1440
2017-02-25,17222,26616,66.8667,-162.6333,1440
2017-02-26,17223,26616,66.8667,-162.6333,1440
2017-02-27,17224,26616,66.8667,-162.6333,1397
2017-02-28,17225,26616,66.8667,-162.6333,1147
2017-02-14,17211,25628,56.6,-169.565,651
2017-02-15,17212,25628,56.6,-169.565,69
2017-01-31,17197,27515,70.2117,-151.0017,180
2017-02-01,17198,27515,70.2117,-151.0017,834
2017-02-02,17199,27515,70.2117,-151.0017,1440
2017-02-03,17200,27515,70.2117,-151.0017,1440
2017-02-04,17201,27515,70.2117,-151.0017,1440
2017-02-05,17202,27515,70.2117,-151.0017,838
2017-02-06,17203,27515,70.2117,-151.0017,1440
2017-02-07,17204,27515,70.2117,-151.0017,1440
2017-02-08,17205,27515,70.2117,-151.0017,1210
2017-02-09,17206,27515,70.2117,-151.0017,1440
2017-02-10,17207,27515,70.2117,-151.0017,1440
2017-02-11,17208,27515,70.2117,-151.0017,1440
2017-02-12,17209,27515,70.2117,-151.0017,1440
2017-02-13,17210,27515,70.2117,-151.0017,1440
2017-02-14,17211,27515,70.2117,-151.0017,1440
2017-02-15,17212,27515,70.2117,-151.0017,1440
2017-02-16,17213,27515,70.2117,-151.0017,1440
2017-02-17,17214,27515,70.2117,-151.0017,1440
2017-02-18,17215,27515,70.2117,-151.0017,1032
2017-02-19,17216,27515,70.2117,-151.0017,1325
2017-02-20,17217,27515,70.2117,-151.0017,840
2017-02-21,17218,27515,70.2117,-151.0017,1440
2017-02-22,17219,27515,70.2117,-151.0017,1440
2017-02-23,17220,27515,70.2117,-151.0017,1440
2017-02-24,17221,27515,70.2117,-151.0017,1440
2017-02-25,17222,27515,70.2117,-151.0017,1436
2017-02-26,17223,27515,70.2117,-151.0017,1440
2017-02-27,17224,27515,70.2117,-151.0017,1437
2017-02-28,17225,27515,70.2117,-151.0017,1260
2017-02-01,17198,27406,70.1917,-148.4772,883
2017-02-02,17199,27406,70.1917,-148.4772,1440
2017-02-03,17200,27406,70.1917,-148.4772,1440
2017-02-04,17201,27406,70.1917,-148.4772,944
2017-02-06,17203,27406,70.1917,-148.4772,601
2017-02-07,17204,27406,70.1917,-148.4772,119
2017-02-08,17205,27406,70.1917,-148.4772,636
2017-02-09,17206,27406,70.1917,-148.4772,1355
2017-02-10,17207,27406,70.1917,-148.4772,1342
2017-02-11,17208,27406,70.1917,-148.4772,960
2017-02-12,17209,27406,70.1917,-148.4772,884
2017-02-13,17210,27406,70.1917,-148.4772,305
2017-02-14,17211,27406,70.1917,-148.4772,1331
2017-02-15,17212,27406,70.1917,-148.4772,1150
2017-02-16,17213,27406,70.1917,-148.4772,802
2017-02-17,17214,27406,70.1917,-148.4772,833
2017-02-19,17216,27406,70.1917,-148.4772,583
2017-02-20,17217,27406,70.1917,-148.4772,1418
2017-02-21,17218,27406,70.1917,-148.4772,1440
2017-02-22,17219,27406,70.1917,-148.4772,547
2017-02-23,17220,27406,70.1917,-148.4772,1012
2017-02-24,17221,27406,70.1917,-148.4772,873
2017-02-25,17222,27406,70.1917,-148.4772,783
2017-02-26,17223,27406,70.1917,-148.4772,897
2017-02-27,17224,27406,70.1917,-148.4772,1440
2017-02-28,17225,27406,70.1917,-148.4772,1029
2017-01-31,17197,25333,57.0481,-135.3647,180
2017-02-01,17198,25333,57.0481,-135.3647,1440
2017-02-02,17199,25333,57.0481,-135.3647,1418
2017-02-03,17200,25333,57.0481,-135.3647,1349
2017-02-04,17201,25333,57.0481,-135.3647,1418
2017-02-05,17202,25333,57.0481,-135.3647,841
2017-02-06,17203,25333,57.0481,-135.3647,1435
2017-02-07,17204,25333,57.0481,-135.3647,1440
2017-02-08,17205,25333,57.0481,-135.3647,1440
2017-02-09,17206,25333,57.0481,-135.3647,1440
2017-02-10,17207,25333,57.0481,-135.3647,1440
2017-02-11,17208,25333,57.0481,-135.3647,1439
2017-02-12,17209,25333,57.0481,-135.3647,1440
2017-02-13,17210,25333,57.0481,-135.3647,1439
2017-02-14,17211,25333,57.0481,-135.3647,1440
2017-02-15,17212,25333,57.0481,-135.3647,1428
2017-02-16,17213,25333,57.0481,-135.3647,1440
2017-02-17,17214,25333,57.0481,-135.3647,1440
2017-02-18,17215,25333,57.0481,-135.3647,1440
2017-02-19,17216,25333,57.0481,-135.3647,1440
2017-02-20,17217,25333,57.0481,-135.3647,1440
2017-02-21,17218,25333,57.0481,-135.3647,1440
2017-02-22,17219,25333,57.0481,-135.3647,1440
2017-02-23,17220,25333,57.0481,-135.3647,1440
2017-02-24,17221,25333,57.0481,-135.3647,1440
2017-02-25,17222,25333,57.0481,-135.3647,1438
2017-02-26,17223,25333,57.0481,-135.3647,1440
2017-02-27,17224,25333,57.0481,-135.3647,1440
2017-02-28,17225,25333,57.0481,-135.3647,1256
2017-02-03,17200,25713,57.1553,-170.2222,538
2017-02-04,17201,25713,57.1553,-170.2222,182
2017-01-31,17197,25516,59.4433,-151.7017,180
2017-02-01,17198,25516,59.4433,-151.7017,1440
2017-02-02,17199,25516,59.4433,-151.7017,1440
2017-02-03,17200,25516,59.4433,-151.7017,1440
2017-02-04,17201,25516,59.4433,-151.7017,1440
2017-02-05,17202,25516,59.4433,-151.7017,840
2017-02-06,17203,25516,59.4433,-151.7017,1440
2017-02-07,17204,25516,59.4433,-151.7017,1440
2017-02-08,17205,25516,59.4433,-151.7017,1222
2017-02-09,17206,25516,59.4433,-151.7017,1431
2017-02-10,17207,25516,59.4433,-151.7017,1407
2017-02-11,17208,25516,59.4433,-151.7017,1435
2017-02-12,17209,25516,59.4433,-151.7017,1427
2017-02-13,17210,25516,59.4433,-151.7017,1432
2017-02-14,17211,25516,59.4433,-151.7017,1421
2017-02-15,17212,25516,59.4433,-151.7017,1406
2017-02-16,17213,25516,59.4433,-151.7017,1426
2017-02-17,17214,25516,59.4433,-151.7017,1440
2017-02-18,17215,25516,59.4433,-151.7017,1440
2017-02-19,17216,25516,59.4433,-151.7017,1431
2017-02-20,17217,25516,59.4433,-151.7017,1440
2017-02-21,17218,25516,59.4433,-151.7017,1436
2017-02-22,17219,25516,59.4433,-151.7017,1440
2017-02-23,17220,25516,59.4433,-151.7017,1440
2017-02-24,17221,25516,59.4433,-151.7017,1403
2017-02-25,17222,25516,59.4433,-151.7017,1410
2017-02-26,17223,25516,59.4433,-151.7017,1368
2017-02-27,17224,25516,59.4433,-151.7017,1440
2017-02-28,17225,25516,59.4433,-151.7017,1260
2017-02-02,17199,26529,65.175,-152.1067,549
2017-02-03,17200,26529,65.175,-152.1067,506
2017-02-04,17201,26529,65.175,-152.1067,1223
2017-02-05,17202,26529,65.175,-152.1067,608
2017-02-06,17203,26529,65.175,-152.1067,739
2017-02-07,17204,26529,65.175,-152.1067,1115
2017-02-10,17207,26529,65.175,-152.1067,250
2017-02-11,17208,26529,65.175,-152.1067,1217
2017-02-12,17209,26529,65.175,-152.1067,679
2017-02-13,17210,26529,65.175,-152.1067,1150
2017-02-14,17211,26529,65.175,-152.1067,98
2017-02-16,17213,26529,65.175,-152.1067,321
2017-02-17,17214,26529,65.175,-152.1067,261
2017-02-18,17215,26529,65.175,-152.1067,541
2017-02-19,17216,26529,65.175,-152.1067,1306
2017-02-20,17217,26529,65.175,-152.1067,1041
2017-02-21,17218,26529,65.175,-152.1067,808
2017-02-22,17219,26529,65.175,-152.1067,962
2017-02-24,17221,26529,65.175,-152.1067,625
2017-02-28,17225,26529,65.175,-152.1067,478
2017-01-31,17197,26528,62.32,-150.095,180
2017-02-01,17198,26528,62.32,-150.095,1440
2017-02-02,17199,26528,62.32,-150.095,1440
2017-02-03,17200,26528,62.32,-150.095,1440
2017-02-04,17201,26528,62.32,-150.095,1440
2017-02-05,17202,26528,62.32,-150.095,838
2017-02-06,17203,26528,62.32,-150.095,1440
2017-02-07,17204,26528,62.32,-150.095,1440
2017-02-08,17205,26528,62.32,-150.095,1440
2017-02-09,17206,26528,62.32,-150.095,1440
2017-02-10,17207,26528,62.32,-150.095,1440
2017-02-11,17208,26528,62.32,-150.095,1440
2017-02-12,17209,26528,62.32,-150.095,1440
2017-02-13,17210,26528,62.32,-150.095,1440
2017-02-14,17211,26528,62.32,-150.095,1440
2017-02-15,17212,26528,62.32,-150.095,1440
2017-02-16,17213,26528,62.32,-150.095,1440
2017-02-17,17214,26528,62.32,-150.095,1440
2017-02-18,17215,26528,62.32,-150.095,1440
2017-02-19,17216,26528,62.32,-150.095,1440
2017-02-20,17217,26528,62.32,-150.095,1440
2017-02-21,17218,26528,62.32,-150.095,1440
2017-02-22,17219,26528,62.32,-150.095,1196
2017-02-23,17220,26528,62.32,-150.095,1367
2017-02-24,17221,26528,62.32,-150.095,1440
2017-02-25,17222,26528,62.32,-150.095,1440
2017-02-26,17223,26528,62.32,-150.095,1440
2017-02-27,17224,26528,62.32,-150.095,1440
2017-02-28,17225,26528,62.32,-150.095,1260
2017-01-31,17197,26492,60.785,-148.8389,180
2017-02-01,17198,26492,60.785,-148.8389,1435
2017-02-02,17199,26492,60.785,-148.8389,1440
2017-02-03,17200,26492,60.785,-148.8389,1440
2017-02-04,17201,26492,60.785,-148.8389,1440
2017-02-05,17202,26492,60.785,-148.8389,838
2017-02-06,17203,26492,60.785,-148.8389,1440
2017-02-07,17204,26492,60.785,-148.8389,1419
2017-02-08,17205,26492,60.785,-148.8389,1440
2017-02-09,17206,26492,60.785,-148.8389,1440
2017-02-10,17207,26492,60.785,-148.8389,1389
2017-02-11,17208,26492,60.785,-148.8389,1440
2017-02-12,17209,26492,60.785,-148.8389,1414
2017-02-13,17210,26492,60.785,-148.8389,1407
2017-02-14,17211,26492,60.785,-148.8389,1434
2017-02-15,17212,26492,60.785,-148.8389,1430
2017-02-16,17213,26492,60.785,-148.8389,1428
2017-02-17,17214,26492,60.785,-148.8389,1422
2017-02-18,17215,26492,60.785,-148.8389,1432
2017-02-19,17216,26492,60.785,-148.8389,1440
2017-02-20,17217,26492,60.785,-148.8389,1440
2017-02-21,17218,26492,60.785,-148.8389,1440
2017-02-22,17219,26492,60.785,-148.8389,1440
2017-02-23,17220,26492,60.785,-148.8389,1440
2017-02-24,17221,26492,60.785,-148.8389,1440
2017-02-25,17222,26492,60.785,-148.8389,1440
2017-02-26,17223,26492,60.785,-148.8389,1440
2017-02-27,17224,26492,60.785,-148.8389,1440
2017-02-28,17225,26492,60.785,-148.8389,1260
2017-02-15,17212,26642,67.7317,-164.5483,201
2017-02-20,17217,26642,67.7317,-164.5483,19
2017-02-23,17220,26642,67.7317,-164.5483,720
2017-02-25,17222,26642,67.7317,-164.5483,193
2017-02-26,17223,26642,67.7317,-164.5483,527
2017-01-31,17197,26438,60.1283,-149.4167,117
2017-02-01,17198,26438,60.1283,-149.4167,1428
2017-02-02,17199,26438,60.1283,-149.4167,1144
2017-02-04,17201,26438,60.1283,-149.4167,680
2017-02-05,17202,26438,60.1283,-149.4167,121
2017-02-06,17203,26438,60.1283,-149.4167,1155
2017-02-07,17204,26438,60.1283,-149.4167,1388
2017-02-09,17206,26438,60.1283,-149.4167,1286
2017-02-10,17207,26438,60.1283,-149.4167,921
2017-02-11,17208,26438,60.1283,-149.4167,1440
2017-02-12,17209,26438,60.1283,-149.4167,1422
2017-02-13,17210,26438,60.1283,-149.4167,1374
2017-02-14,17211,26438,60.1283,-149.4167,1434
2017-02-15,17212,26438,60.1283,-149.4167,1434
2017-02-16,17213,26438,60.1283,-149.4167,1197
2017-02-17,17214,26438,60.1283,-149.4167,1110
2017-02-18,17215,26438,60.1283,-149.4167,1371
2017-02-19,17216,26438,60.1283,-149.4167,1440
2017-02-20,17217,26438,60.1283,-149.4167,1440
2017-02-21,17218,26438,60.1283,-149.4167,1440
2017-02-22,17219,26438,60.1283,-149.4167,1434
2017-02-23,17220,26438,60.1283,-149.4167,1387
2017-02-24,17221,26438,60.1283,-149.4167,1431
2017-02-25,17222,26438,60.1283,-149.4167,1397
2017-02-26,17223,26438,60.1283,-149.4167,1425
2017-02-27,17224,26438,60.1283,-149.4167,1434
2017-02-28,17225,26438,60.1283,-149.4167,939
2017-01-31,17197,27503,70.6392,-159.995,180
2017-02-01,17198,27503,70.6392,-159.995,1440
2017-02-02,17199,27503,70.6392,-159.995,1163
2017-02-03,17200,27503,70.6392,-159.995,1146
2017-02-04,17201,27503,70.6392,-159.995,1440
2017-02-05,17202,27503,70.6392,-159.995,659
2017-02-06,17203,27503,70.6392,-159.995,1440
2017-02-07,17204,27503,70.6392,-159.995,636
2017-02-08,17205,27503,70.6392,-159.995,881
2017-02-09,17206,27503,70.6392,-159.995,1440
2017-02-10,17207,27503,70.6392,-159.995,1440
2017-02-11,17208,27503,70.6392,-159.995,836
2017-02-12,17209,27503,70.6392,-159.995,1440
2017-02-13,17210,27503,70.6392,-159.995,1440
2017-02-14,17211,27503,70.6392,-159.995,1440
2017-02-15,17212,27503,70.6392,-159.995,1440
2017-02-16,17213,27503,70.6392,-159.995,1241
2017-02-17,17214,27503,70.6392,-159.995,1015
2017-02-18,17215,27503,70.6392,-159.995,1440
2017-02-19,17216,27503,70.6392,-159.995,1440
2017-02-20,17217,27503,70.6392,-159.995,1440
2017-02-21,17218,27503,70.6392,-159.995,1440
2017-02-22,17219,27503,70.6392,-159.995,1192
2017-02-23,17220,27503,70.6392,-159.995,1043
2017-02-24,17221,27503,70.6392,-159.995,1440
2017-02-25,17222,27503,70.6392,-159.995,1433
2017-02-26,17223,27503,70.6392,-159.995,1440
2017-02-27,17224,27503,70.6392,-159.995,1131
2017-02-28,17225,27503,70.6392,-159.995,720
2017-01-31,17197,25339,59.512,-139.6712,180
2017-02-01,17198,25339,59.512,-139.6712,1405
2017-02-02,17199,25339,59.512,-139.6712,1440
2017-02-03,17200,25339,59.512,-139.6712,1407
2017-02-04,17201,25339,59.512,-139.6712,1440
2017-02-05,17202,25339,59.512,-139.6712,833
2017-02-06,17203,25339,59.512,-139.6712,1440
2017-02-07,17204,25339,59.512,-139.6712,1440
2017-02-08,17205,25339,59.512,-139.6712,1440
2017-02-09,17206,25339,59.512,-139.6712,1440
2017-02-10,17207,25339,59.512,-139.6712,1435
2017-02-11,17208,25339,59.512,-139.6712,1433
2017-02-12,17209,25339,59.512,-139.6712,1440
2017-02-13,17210,25339,59.512,-139.6712,1436
2017-02-14,17211,25339,59.512,-139.6712,1434
2017-02-15,17212,25339,59.512,-139.6712,1437
2017-02-16,17213,25339,59.512,-139.6712,1440
2017-02-17,17214,25339,59.512,-139.6712,1440
2017-02-18,17215,25339,59.512,-139.6712,1440
2017-02-19,17216,25339,59.512,-139.6712,1406
2017-02-20,17217,25339,59.512,-139.6712,1440
2017-02-21,17218,25339,59.512,-139.6712,1440
2017-02-22,17219,25339,59.512,-139.6712,1440
2017-02-23,17220,25339,59.512,-139.6712,1440
2017-02-24,17221,25339,59.512,-139.6712,1440
2017-02-25,17222,25339,59.512,-139.6712,1440
2017-02-26,17223,25339,59.512,-139.6712,1440
2017-02-27,17224,25339,59.512,-139.6712,1417
2017-02-28,17225,25339,59.512,-139.6712,1260
2017-01-31,17197,11640,18.3363,-64.98,480
2017-02-01,17198,11640,18.3363,-64.98,1440
2017-02-02,17199,11640,18.3363,-64.98,1440
2017-02-03,17200,11640,18.3363,-64.98,1440
2017-02-04,17201,11640,18.3363,-64.98,1440
2017-02-05,17202,11640,18.3363,-64.98,1440
2017-02-06,17203,11640,18.3363,-64.98,1440
2017-02-07,17204,11640,18.3363,-64.98,1440
2017-02-08,17205,11640,18.3363,-64.98,1201
2017-02-09,17206,11640,18.3363,-64.98,1440
2017-02-10,17207,11640,18.3363,-64.98,1436
2017-02-11,17208,11640,18.3363,-64.98,1440
2017-02-12,17209,11640,18.3363,-64.98,1440
2017-02-13,17210,11640,18.3363,-64.98,1439
2017-02-14,17211,11640,18.3363,-64.98,1428
2017-02-15,17212,11640,18.3363,-64.98,1440
2017-02-16,17213,11640,18.3363,-64.98,1440
2017-02-17,17214,11640,18.3363,-64.98,1440
2017-02-18,17215,11640,18.3363,-64.98,1417
2017-02-19,17216,11640,18.3363,-64.98,1440
2017-02-20,17217,11640,18.3363,-64.98,1440
2017-02-21,17218,11640,18.3363,-64.98,1435
2017-02-22,17219,11640,18.3363,-64.98,1392
2017-02-23,17220,11640,18.3363,-64.98,1440
2017-02-24,17221,11640,18.3363,-64.98,1440
2017-02-25,17222,11640,18.3363,-64.98,1440
2017-02-26,17223,11640,18.3363,-64.98,1440
2017-02-27,17224,11640,18.3363,-64.98,1440
2017-02-28,17225,11640,18.3363,-64.98,960
2017-01-31,17197,11624,17.6997,-64.8125,400
2017-02-01,17198,11624,17.6997,-64.8125,16
2017-02-02,17199,11624,17.6997,-64.8125,1037
2017-02-03,17200,11624,17.6997,-64.8125,339
2017-02-04,17201,11624,17.6997,-64.8125,734
2017-02-05,17202,11624,17.6997,-64.8125,647
2017-02-06,17203,11624,17.6997,-64.8125,1339
2017-02-07,17204,11624,17.6997,-64.8125,830
2017-02-08,17205,11624,17.6997,-64.8125,794
2017-02-09,17206,11624,17.6997,-64.8125,723
2017-02-10,17207,11624,17.6997,-64.8125,1440
2017-02-11,17208,11624,17.6997,-64.8125,1440
2017-02-12,17209,11624,17.6997,-64.8125,408
2017-02-14,17211,11624,17.6997,-64.8125,748
2017-02-15,17212,11624,17.6997,-64.8125,1357
2017-02-16,17213,11624,17.6997,-64.8125,272
2017-02-17,17214,11624,17.6997,-64.8125,941
2017-02-18,17215,11624,17.6997,-64.8125,334
2017-02-19,17216,11624,17.6997,-64.8125,737
2017-02-20,17217,11624,17.6997,-64.8125,292
2017-02-21,17218,11624,17.6997,-64.8125,989
2017-02-22,17219,11624,17.6997,-64.8125,1391
2017-02-23,17220,11624,17.6997,-64.8125,1231
2017-02-24,17221,11624,17.6997,-64.8125,172
2017-02-25,17222,11624,17.6997,-64.8125,798
2017-02-26,17223,11624,17.6997,-64.8125,593
2017-02-27,17224,11624,17.6997,-64.8125,720
2017-02-28,17225,11624,17.6997,-64.8125,132
2017-02-01,17198,11630,18.255,-65.6408,931
2017-02-02,17199,11630,18.255,-65.6408,568
2017-02-03,17200,11630,18.255,-65.6408,485
2017-02-04,17201,11630,18.255,-65.6408,1077
2017-02-05,17202,11630,18.255,-65.6408,92
2017-02-06,17203,11630,18.255,-65.6408,718
2017-02-07,17204,11630,18.255,-65.6408,65
2017-02-08,17205,11630,18.255,-65.6408,720
2017-02-09,17206,11630,18.255,-65.6408,782
2017-02-10,17207,11630,18.255,-65.6408,825
2017-02-11,17208,11630,18.255,-65.6408,1161
2017-02-13,17210,11630,18.255,-65.6408,577
2017-02-14,17211,11630,18.255,-65.6408,795
2017-02-15,17212,11630,18.255,-65.6408,814
2017-02-16,17213,11630,18.255,-65.6408,1214
2017-02-17,17214,11630,18.255,-65.6408,720
2017-02-18,17215,11630,18.255,-65.6408,1153
2017-02-19,17216,11630,18.255,-65.6408,563
2017-02-20,17217,11630,18.255,-65.6408,1082
2017-02-21,17218,11630,18.255,-65.6408,1115
2017-02-22,17219,11630,18.255,-65.6408,841
2017-02-23,17220,11630,18.255,-65.6408,1068
2017-02-24,17221,11630,18.255,-65.6408,1347
2017-02-25,17222,11630,18.255,-65.6408,833
2017-02-26,17223,11630,18.255,-65.6408,444
2017-02-27,17224,11630,18.255,-65.6408,1375
2017-02-28,17225,11630,18.255,-65.6408,692
2017-01-31,17197,11641,18.4325,-66.0108,480
2017-02-01,17198,11641,18.4325,-66.0108,1440
2017-02-02,17199,11641,18.4325,-66.0108,1422
2017-02-03,17200,11641,18.4325,-66.0108,1440
2017-02-04,17201,11641,18.4325,-66.0108,1440
2017-02-05,17202,11641,18.4325,-66.0108,1440
2017-02-06,17203,11641,18.4325,-66.0108,1440
2017-02-07,17204,11641,18.4325,-66.0108,1440
2017-02-08,17205,11641,18.4325,-66.0108,1440
2017-02-09,17206,11641,18.4325,-66.0108,1440
2017-02-10,17207,11641,18.4325,-66.0108,1436
2017-02-11,17208,11641,18.4325,-66.0108,1440
2017-02-12,17209,11641,18.4325,-66.0108,1440
2017-02-13,17210,11641,18.4325,-66.0108,1440
2017-02-14,17211,11641,18.4325,-66.0108,1436
2017-02-15,17212,11641,18.4325,-66.0108,1440
2017-02-16,17213,11641,18.4325,-66.0108,1419
2017-02-17,17214,11641,18.4325,-66.0108,1440
2017-02-18,17215,11641,18.4325,-66.0108,1436
2017-02-19,17216,11641,18.4325,-66.0108,1440
2017-02-20,17217,11641,18.4325,-66.0108,1440
2017-02-21,17218,11641,18.4325,-66.0108,1360
2017-02-22,17219,11641,18.4325,-66.0108,1440
2017-02-23,17220,11641,18.4325,-66.0108,1435
2017-02-24,17221,11641,18.4325,-66.0108,1440
2017-02-25,17222,11641,18.4325,-66.0108,1440
2017-02-26,17223,11641,18.4325,-66.0108,1440
2017-02-27,17224,11641,18.4325,-66.0108,1440
2017-02-28,17225,11641,18.4325,-66.0108,960
