time_str,time_seconds,wban_id,name,state,county,knots,gust_knots,lat,lon
2003-07-02 01:44:00 UTC,1057110240,24143,GREAT FALLS INTL AP,MT,CASCADE,34,41,47.4733,-111.3822
2003-07-02 11:04:00 UTC,1057143840,94014,WILLISTON SLOULIN FIELD INTL AP,ND,WILLIAMS,29,45,48.1739,-103.6367
2003-07-02 11:05:00 UTC,1057143900,94014,WILLISTON SLOULIN FIELD INTL AP,ND,WILLIAMS,37,45,48.1739,-103.6367
2003-07-02 11:06:00 UTC,1057143960,94014,WILLISTON SLOULIN FIELD INTL AP,ND,WILLIAMS,37,45,48.1739,-103.6367
2003-07-02 11:07:00 UTC,1057144020,94014,WILLISTON SLOULIN FIELD INTL AP,ND,WILLIAMS,37,47,48.1739,-103.6367
2003-07-02 11:08:00 UTC,1057144080,94014,WILLISTON SLOULIN FIELD INTL AP,ND,WILLIAMS,39,47,48.1739,-103.6367
2003-07-02 11:09:00 UTC,1057144140,94014,WILLISTON SLOULIN FIELD INTL AP,ND,WILLIAMS,41,49,48.1739,-103.6367
2003-07-02 11:10:00 UTC,1057144200,94014,WILLISTON SLOULIN FIELD INTL AP,ND,WILLIAMS,40,43,48.1739,-103.6367
2003-07-02 11:11:00 UTC,1057144260,94014,WILLISTON SLOULIN FIELD INTL AP,ND,WILLIAMS,35,42,48.1739,-103.6367
2003-07-02 11:12:00 UTC,1057144320,94014,WILLISTON SLOULIN FIELD INTL AP,ND,WILLIAMS,33,43,48.1739,-103.6367
2003-07-02 11:14:00 UTC,1057144440,94014,WILLISTON SLOULIN FIELD INTL AP,ND,WILLIAMS,33,40,48.1739,-103.6367
2003-07-02 17:47:00 UTC,1057168020,14916,GRAND FORKS INTL AP,ND,GRAND FORKS,33,41,47.9492,-97.1758
2003-07-02 18:54:00 UTC,1057172040,14916,GRAND FORKS INTL AP,ND,GRAND FORKS,31,45,47.9492,-97.1758
2003-07-02 18:55:00 UTC,1057172100,14916,GRAND FORKS INTL AP,ND,GRAND FORKS,35,40,47.9492,-97.1758
2003-07-02 20:25:00 UTC,1057177500,24143,GREAT FALLS INTL AP,MT,CASCADE,33,41,47.4733,-111.3822
2003-07-02 22:06:00 UTC,1057183560,14918,INTERNATIONAL FALLS INTL AP,MN,KOOCHICHING,27,43,48.5664,-93.3975
2003-07-02 22:07:00 UTC,1057183620,14918,INTERNATIONAL FALLS INTL AP,MN,KOOCHICHING,39,48,48.5664,-93.3975
2003-07-02 22:08:00 UTC,1057183680,14918,INTERNATIONAL FALLS INTL AP,MN,KOOCHICHING,41,48,48.5664,-93.3975
2003-07-02 22:09:00 UTC,1057183740,14918,INTERNATIONAL FALLS INTL AP,MN,KOOCHICHING,39,40,48.5664,-93.3975
2003-07-02 22:10:00 UTC,1057183800,14918,INTERNATIONAL FALLS INTL AP,MN,KOOCHICHING,36,41,48.5664,-93.3975
2003-07-03 04:59:00 UTC,1057208340,14926,ST CLOUD REGIONAL AP,MN,SHERBURNE,30,43,45.5425,-94.0522
2003-07-03 23:40:00 UTC,1057275600,23044,EL PASO INTL AP,TX,EL PASO,25,48,31.8111,-106.3758
2003-07-03 23:41:00 UTC,1057275660,23044,EL PASO INTL AP,TX,EL PASO,32,43,31.8111,-106.3758
2003-07-04 08:06:00 UTC,1057305960,14925,ROCHESTER INTL AP,MN,OLMSTED,20,40,43.9047,-92.4992
2003-07-04 08:07:00 UTC,1057306020,14925,ROCHESTER INTL AP,MN,OLMSTED,33,40,43.9047,-92.4992
2003-07-04 15:42:00 UTC,1057333320,14836,LANSING CAPITAL CITY AP,MI,CLINTON,35,47,42.7803,-84.5789
2003-07-04 15:43:00 UTC,1057333380,14836,LANSING CAPITAL CITY AP,MI,CLINTON,36,42,42.7803,-84.5789
2003-07-04 15:46:00 UTC,1057333560,14836,LANSING CAPITAL CITY AP,MI,CLINTON,33,42,42.7803,-84.5789
2003-07-04 15:49:00 UTC,1057333740,14836,LANSING CAPITAL CITY AP,MI,CLINTON,33,41,42.7803,-84.5789
2003-07-04 15:50:00 UTC,1057333800,14836,LANSING CAPITAL CITY AP,MI,CLINTON,35,41,42.7803,-84.5789
2003-07-04 17:11:00 UTC,1057338660,94847,DETROIT METROPOLITAN AP,MI,WAYNE,33,40,42.2313,-83.3308
2003-07-04 21:45:00 UTC,1057355100,24090,RAPID CITY REGIONAL AP,SD,PENNINGTON,29,41,44.0433,-103.0536
2003-07-04 21:47:00 UTC,1057355220,24090,RAPID CITY REGIONAL AP,SD,PENNINGTON,33,45,44.0433,-103.0536
2003-07-04 21:48:00 UTC,1057355280,24090,RAPID CITY REGIONAL AP,SD,PENNINGTON,40,47,44.0433,-103.0536
2003-07-04 21:49:00 UTC,1057355340,24090,RAPID CITY REGIONAL AP,SD,PENNINGTON,41,49,44.0433,-103.0536
2003-07-04 21:50:00 UTC,1057355400,24090,RAPID CITY REGIONAL AP,SD,PENNINGTON,43,51,44.0433,-103.0536
2003-07-04 21:51:00 UTC,1057355460,24090,RAPID CITY REGIONAL AP,SD,PENNINGTON,43,48,44.0433,-103.0536
2003-07-04 21:52:00 UTC,1057355520,24090,RAPID CITY REGIONAL AP,SD,PENNINGTON,39,41,44.0433,-103.0536
2003-07-04 21:53:00 UTC,1057355580,24090,RAPID CITY REGIONAL AP,SD,PENNINGTON,35,40,44.0433,-103.0536
2003-07-05 00:54:00 UTC,1057366440,24032,VALENTINE MILLER FIELD,NE,CHERRY,28,40,42.8783,-100.55
2003-07-05 01:55:00 UTC,1057370100,14821,COLUMBUS PORT COLUMBUS INTL AP,OH,FRANKLIN,25,44,39.9942,-82.8767
2003-07-05 20:40:00 UTC,1057437600,14939,LINCOLN MUNICIPAL AP,NE,LANCASTER,35,41,40.8311,-96.7644
2003-07-05 20:41:00 UTC,1057437660,14939,LINCOLN MUNICIPAL AP,NE,LANCASTER,36,42,40.8311,-96.7644
2003-07-05 20:42:00 UTC,1057437720,14939,LINCOLN MUNICIPAL AP,NE,LANCASTER,38,42,40.8311,-96.7644
2003-07-05 20:43:00 UTC,1057437780,14939,LINCOLN MUNICIPAL AP,NE,LANCASTER,37,41,40.8311,-96.7644
2003-07-06 00:09:00 UTC,1057450140,24032,VALENTINE MILLER FIELD,NE,CHERRY,29,43,42.8783,-100.55
2003-07-06 00:10:00 UTC,1057450200,24032,VALENTINE MILLER FIELD,NE,CHERRY,34,41,42.8783,-100.55
2003-07-06 00:11:00 UTC,1057450260,24032,VALENTINE MILLER FIELD,NE,CHERRY,33,40,42.8783,-100.55
2003-07-06 00:12:00 UTC,1057450320,24032,VALENTINE MILLER FIELD,NE,CHERRY,33,40,42.8783,-100.55
2003-07-06 04:10:00 UTC,1057464600,14943,SIOUX CITY GATEWAY AP,IA,WOODBURY,28,41,42.3914,-96.3792
2003-07-06 04:11:00 UTC,1057464660,14943,SIOUX CITY GATEWAY AP,IA,WOODBURY,30,45,42.3914,-96.3792
2003-07-06 04:12:00 UTC,1057464720,14943,SIOUX CITY GATEWAY AP,IA,WOODBURY,35,41,42.3914,-96.3792
2003-07-06 05:37:00 UTC,1057469820,14939,LINCOLN MUNICIPAL AP,NE,LANCASTER,23,42,40.8311,-96.7644
2003-07-07 17:42:00 UTC,1057599720,94830,TOLEDO EXPRESS AIRPORT,OH,LUCAS,27,44,41.5886,-83.8014
2003-07-07 17:43:00 UTC,1057599780,94830,TOLEDO EXPRESS AIRPORT,OH,LUCAS,35,41,41.5886,-83.8014
2003-07-07 18:59:00 UTC,1057604340,14820,CLEVELAND HOPKINS INTL AP,OH,CUYAHOGA,29,49,41.405,-81.8528
2003-07-07 19:00:00 UTC,1057604400,14820,CLEVELAND HOPKINS INTL AP,OH,CUYAHOGA,39,53,41.405,-81.8528
2003-07-07 19:03:00 UTC,1057604580,14820,CLEVELAND HOPKINS INTL AP,OH,CUYAHOGA,34,40,41.405,-81.8528
2003-07-07 19:49:00 UTC,1057607340,14821,COLUMBUS PORT COLUMBUS INTL AP,OH,FRANKLIN,31,46,39.9942,-82.8767
2003-07-07 19:50:00 UTC,1057607400,14821,COLUMBUS PORT COLUMBUS INTL AP,OH,FRANKLIN,34,41,39.9942,-82.8767
2003-07-07 21:51:00 UTC,1057614660,24018,CHEYENNE MUNICIPAL AP,WY,LARAMIE,26,41,41.15,-104.8167
2003-07-07 21:52:00 UTC,1057614720,24018,CHEYENNE MUNICIPAL AP,WY,LARAMIE,31,41,41.15,-104.8167
2003-07-08 08:49:00 UTC,1057654140,14821,COLUMBUS PORT COLUMBUS INTL AP,OH,FRANKLIN,33,51,39.9942,-82.8767
2003-07-08 08:50:00 UTC,1057654200,14821,COLUMBUS PORT COLUMBUS INTL AP,OH,FRANKLIN,35,42,39.9942,-82.8767
2003-07-08 08:51:00 UTC,1057654260,14821,COLUMBUS PORT COLUMBUS INTL AP,OH,FRANKLIN,38,48,39.9942,-82.8767
2003-07-08 08:53:00 UTC,1057654380,14821,COLUMBUS PORT COLUMBUS INTL AP,OH,FRANKLIN,38,45,39.9942,-82.8767
2003-07-08 09:16:00 UTC,1057655760,14820,CLEVELAND HOPKINS INTL AP,OH,CUYAHOGA,28,43,41.405,-81.8528
2003-07-08 09:17:00 UTC,1057655820,14820,CLEVELAND HOPKINS INTL AP,OH,CUYAHOGA,39,50,41.405,-81.8528
2003-07-08 09:18:00 UTC,1057655880,14820,CLEVELAND HOPKINS INTL AP,OH,CUYAHOGA,41,46,41.405,-81.8528
2003-07-08 09:19:00 UTC,1057655940,14820,CLEVELAND HOPKINS INTL AP,OH,CUYAHOGA,38,43,41.405,-81.8528
2003-07-08 09:21:00 UTC,1057656060,14820,CLEVELAND HOPKINS INTL AP,OH,CUYAHOGA,35,42,41.405,-81.8528
2003-07-08 09:22:00 UTC,1057656120,14820,CLEVELAND HOPKINS INTL AP,OH,CUYAHOGA,37,43,41.405,-81.8528
2003-07-08 09:23:00 UTC,1057656180,14820,CLEVELAND HOPKINS INTL AP,OH,CUYAHOGA,36,40,41.405,-81.8528
2003-07-08 09:30:00 UTC,1057656600,14820,CLEVELAND HOPKINS INTL AP,OH,CUYAHOGA,31,41,41.405,-81.8528
2003-07-08 09:31:00 UTC,1057656660,14820,CLEVELAND HOPKINS INTL AP,OH,CUYAHOGA,33,41,41.405,-81.8528
2003-07-08 19:27:00 UTC,1057692420,24021,LANDER HUNT FIELD AP,WY,FREMONT,32,41,42.8175,-108.7278
2003-07-08 19:28:00 UTC,1057692480,24021,LANDER HUNT FIELD AP,WY,FREMONT,33,40,42.8175,-108.7278
2003-07-08 19:29:00 UTC,1057692540,24021,LANDER HUNT FIELD AP,WY,FREMONT,33,40,42.8175,-108.7278
2003-07-08 19:30:00 UTC,1057692600,24021,LANDER HUNT FIELD AP,WY,FREMONT,34,42,42.8175,-108.7278
2003-07-08 19:53:00 UTC,1057693980,24021,LANDER HUNT FIELD AP,WY,FREMONT,31,40,42.8175,-108.7278
2003-07-08 20:10:00 UTC,1057695000,24033,BILLINGS LOGAN INTL AP,MT,YELLOWSTONE,33,41,45.8069,-108.5422
2003-07-08 20:11:00 UTC,1057695060,24033,BILLINGS LOGAN INTL AP,MT,YELLOWSTONE,35,41,45.8069,-108.5422
2003-07-08 20:14:00 UTC,1057695240,24033,BILLINGS LOGAN INTL AP,MT,YELLOWSTONE,32,40,45.8069,-108.5422
2003-07-08 20:16:00 UTC,1057695360,24033,BILLINGS LOGAN INTL AP,MT,YELLOWSTONE,33,42,45.8069,-108.5422
2003-07-08 20:17:00 UTC,1057695420,24033,BILLINGS LOGAN INTL AP,MT,YELLOWSTONE,33,40,45.8069,-108.5422
2003-07-08 21:24:00 UTC,1057699440,14891,MANSFIELD LAHM MUNICIPAL AP,OH,RICHLAND,28,40,40.8203,-82.5178
2003-07-08 21:25:00 UTC,1057699500,14891,MANSFIELD LAHM MUNICIPAL AP,OH,RICHLAND,31,40,40.8203,-82.5178
2003-07-08 21:26:00 UTC,1057699560,14891,MANSFIELD LAHM MUNICIPAL AP,OH,RICHLAND,31,41,40.8203,-82.5178
2003-07-08 21:28:00 UTC,1057699680,14891,MANSFIELD LAHM MUNICIPAL AP,OH,RICHLAND,33,45,40.8203,-82.5178
2003-07-08 21:44:00 UTC,1057700640,24029,SHERIDAN COUNTY AP,WY,SHERIDAN,34,41,44.7694,-106.9689
2003-07-08 21:47:00 UTC,1057700820,24033,BILLINGS LOGAN INTL AP,MT,YELLOWSTONE,36,42,45.8069,-108.5422
2003-07-08 21:48:00 UTC,1057700880,24029,SHERIDAN COUNTY AP,WY,SHERIDAN,36,45,44.7694,-106.9689
2003-07-08 21:49:00 UTC,1057700940,24029,SHERIDAN COUNTY AP,WY,SHERIDAN,38,44,44.7694,-106.9689
2003-07-08 21:50:00 UTC,1057701000,24029,SHERIDAN COUNTY AP,WY,SHERIDAN,37,41,44.7694,-106.9689
2003-07-08 21:53:00 UTC,1057701180,24029,SHERIDAN COUNTY AP,WY,SHERIDAN,34,41,44.7694,-106.9689
2003-07-08 21:56:00 UTC,1057701360,24029,SHERIDAN COUNTY AP,WY,SHERIDAN,34,40,44.7694,-106.9689
2003-07-09 06:38:00 UTC,1057732680,14936,HURON REGIONAL AP,SD,BEADLE,33,46,44.3981,-98.2231
2003-07-09 06:39:00 UTC,1057732740,14936,HURON REGIONAL AP,SD,BEADLE,37,42,44.3981,-98.2231
2003-07-09 11:10:00 UTC,1057749000,14933,DES MOINES INTL AP,IA,POLK,30,41,41.5339,-93.6531
2003-07-09 18:50:00 UTC,1057776600,13737,NORFOLK INTL AP,VA,NORFOLK (CITY),19,46,36.9033,-76.1922
2003-07-09 18:51:00 UTC,1057776660,13737,NORFOLK INTL AP,VA,NORFOLK (CITY),33,59,36.9033,-76.1922
2003-07-09 19:05:00 UTC,1057777500,93817,EVANSVILLE REGIONAL AP,IN,VANDERBURGH,23,40,38.0431,-87.5203
2003-07-09 19:06:00 UTC,1057777560,93817,EVANSVILLE REGIONAL AP,IN,VANDERBURGH,32,41,38.0431,-87.5203
2003-07-09 19:09:00 UTC,1057777740,93817,EVANSVILLE REGIONAL AP,IN,VANDERBURGH,34,56,38.0431,-87.5203
2003-07-09 19:10:00 UTC,1057777800,93817,EVANSVILLE REGIONAL AP,IN,VANDERBURGH,39,50,38.0431,-87.5203
2003-07-09 20:34:00 UTC,1057782840,93738,WASHINGTON DC DULLES INTL AP,VA,LOUDOUN,30,40,38.9349,-77.4473
2003-07-11 00:49:00 UTC,1057884540,93842,COLUMBUS METROPOLITAN AP,GA,MUSCOGEE,23,45,32.5161,-84.9422
2003-07-11 00:50:00 UTC,1057884600,93842,COLUMBUS METROPOLITAN AP,GA,MUSCOGEE,31,42,32.5161,-84.9422
2003-07-11 00:51:00 UTC,1057884660,93842,COLUMBUS METROPOLITAN AP,GA,MUSCOGEE,35,41,32.5161,-84.9422
2003-07-11 20:18:00 UTC,1057954680,14768,ROCHESTER GREATER ROCHESTER INTL AP,NY,MONROE,29,40,43.1172,-77.6754
2003-07-11 21:17:00 UTC,1057958220,14733,BUFFALO NIAGARA INTL AP,NY,ERIE,26,40,42.94,-78.7362
2003-07-11 22:24:00 UTC,1057962240,94908,DUBUQUE REGIONAL AP,IA,DUBUQUE,20,42,42.3978,-90.7036
2003-07-11 22:38:00 UTC,1057963080,14734,NEWARK INTL AP,NJ,UNION,30,40,40.6825,-74.1694
2003-07-12 01:18:00 UTC,1057972680,23047,AMARILLO INTERNATIONAL AIRPORT,TX,POTTER,26,40,35.2295,-101.7042
2003-07-12 22:23:00 UTC,1058048580,23194,WINSLOW MUNICIPAL AP,AZ,NAVAJO,34,41,35.0281,-110.7208
2003-07-12 22:24:00 UTC,1058048640,23194,WINSLOW MUNICIPAL AP,AZ,NAVAJO,34,40,35.0281,-110.7208
2003-07-12 22:28:00 UTC,1058048880,23194,WINSLOW MUNICIPAL AP,AZ,NAVAJO,32,40,35.0281,-110.7208
2003-07-12 22:29:00 UTC,1058048940,23194,WINSLOW MUNICIPAL AP,AZ,NAVAJO,35,40,35.0281,-110.7208
2003-07-12 22:31:00 UTC,1058049060,23194,WINSLOW MUNICIPAL AP,AZ,NAVAJO,32,41,35.0281,-110.7208
2003-07-12 22:32:00 UTC,1058049120,23194,WINSLOW MUNICIPAL AP,AZ,NAVAJO,34,41,35.0281,-110.7208
2003-07-12 22:36:00 UTC,1058049360,23194,WINSLOW MUNICIPAL AP,AZ,NAVAJO,30,40,35.0281,-110.7208
2003-07-12 23:08:00 UTC,1058051280,93037,COLORADO SPRINGS MUNICIPAL AP,CO,EL PASO,34,46,38.81,-104.6883
2003-07-13 00:03:00 UTC,1058054580,93037,COLORADO SPRINGS MUNICIPAL AP,CO,EL PASO,29,42,38.81,-104.6883
2003-07-13 02:25:00 UTC,1058063100,23160,TUCSON INTL AP,AZ,PIMA,30,43,32.1314,-110.9553
2003-07-13 19:59:00 UTC,1058126340,24089,CASPER NATRONA COUNTY INTL AP,WY,NATRONA,31,50,42.8975,-106.4636
2003-07-13 20:00:00 UTC,1058126400,24089,CASPER NATRONA COUNTY INTL AP,WY,NATRONA,43,54,42.8975,-106.4636
2003-07-13 20:01:00 UTC,1058126460,24089,CASPER NATRONA COUNTY INTL AP,WY,NATRONA,45,44,42.8975,-106.4636
2003-07-13 21:33:00 UTC,1058131980,23051,CLAYTON MUNICIPAL AIR PARK,NM,UNION,35,53,36.4486,-103.1539
2003-07-13 21:34:00 UTC,1058132040,23051,CLAYTON MUNICIPAL AIR PARK,NM,UNION,40,44,36.4486,-103.1539
2003-07-13 21:51:00 UTC,1058133060,23051,CLAYTON MUNICIPAL AIR PARK,NM,UNION,29,40,36.4486,-103.1539
2003-07-13 21:52:00 UTC,1058133120,23051,CLAYTON MUNICIPAL AIR PARK,NM,UNION,32,40,36.4486,-103.1539
2003-07-13 21:55:00 UTC,1058133300,23051,CLAYTON MUNICIPAL AIR PARK,NM,UNION,28,40,36.4486,-103.1539
2003-07-13 22:28:00 UTC,1058135280,94012,HAVRE CITY COUNTY AP,MT,HILL,28,42,48.5428,-109.7633
2003-07-13 22:51:00 UTC,1058136660,24090,RAPID CITY REGIONAL AP,SD,PENNINGTON,32,43,44.0433,-103.0536
2003-07-13 22:52:00 UTC,1058136720,24090,RAPID CITY REGIONAL AP,SD,PENNINGTON,34,40,44.0433,-103.0536
2003-07-13 22:57:00 UTC,1058137020,24090,RAPID CITY REGIONAL AP,SD,PENNINGTON,33,41,44.0433,-103.0536
2003-07-13 23:05:00 UTC,1058137500,24090,RAPID CITY REGIONAL AP,SD,PENNINGTON,30,43,44.0433,-103.0536
2003-07-13 23:06:00 UTC,1058137560,24090,RAPID CITY REGIONAL AP,SD,PENNINGTON,32,41,44.0433,-103.0536
2003-07-14 00:02:00 UTC,1058140920,24089,CASPER NATRONA COUNTY INTL AP,WY,NATRONA,30,40,42.8975,-106.4636
2003-07-14 00:50:00 UTC,1058143800,94008,GLASGOW INTL AP,MT,VALLEY,32,47,48.2139,-106.6214
2003-07-14 00:51:00 UTC,1058143860,94008,GLASGOW INTL AP,MT,VALLEY,37,46,48.2139,-106.6214
2003-07-14 00:55:00 UTC,1058144100,94008,GLASGOW INTL AP,MT,VALLEY,35,42,48.2139,-106.6214
2003-07-14 00:56:00 UTC,1058144160,94008,GLASGOW INTL AP,MT,VALLEY,39,42,48.2139,-106.6214
2003-07-14 00:57:00 UTC,1058144220,94008,GLASGOW INTL AP,MT,VALLEY,37,40,48.2139,-106.6214
2003-07-14 02:55:00 UTC,1058151300,23160,TUCSON INTL AP,AZ,PIMA,33,40,32.1314,-110.9553
2003-07-14 02:56:00 UTC,1058151360,23160,TUCSON INTL AP,AZ,PIMA,36,45,32.1314,-110.9553
2003-07-14 02:56:00 UTC,1058151360,24033,BILLINGS LOGAN INTL AP,MT,YELLOWSTONE,30,40,45.8069,-108.5422
2003-07-14 02:57:00 UTC,1058151420,23160,TUCSON INTL AP,AZ,PIMA,39,49,32.1314,-110.9553
2003-07-14 02:58:00 UTC,1058151480,23160,TUCSON INTL AP,AZ,PIMA,42,50,32.1314,-110.9553
2003-07-14 02:59:00 UTC,1058151540,23160,TUCSON INTL AP,AZ,PIMA,42,48,32.1314,-110.9553
2003-07-14 03:00:00 UTC,1058151600,23160,TUCSON INTL AP,AZ,PIMA,43,49,32.1314,-110.9553
2003-07-14 03:01:00 UTC,1058151660,23160,TUCSON INTL AP,AZ,PIMA,43,45,32.1314,-110.9553
2003-07-14 03:02:00 UTC,1058151720,23160,TUCSON INTL AP,AZ,PIMA,43,50,32.1314,-110.9553
2003-07-14 03:03:00 UTC,1058151780,23160,TUCSON INTL AP,AZ,PIMA,42,47,32.1314,-110.9553
2003-07-14 03:04:00 UTC,1058151840,23160,TUCSON INTL AP,AZ,PIMA,38,40,32.1314,-110.9553
2003-07-14 03:10:00 UTC,1058152200,23160,TUCSON INTL AP,AZ,PIMA,26,40,32.1314,-110.9553
2003-07-14 03:11:00 UTC,1058152260,23160,TUCSON INTL AP,AZ,PIMA,35,45,32.1314,-110.9553
2003-07-14 03:12:00 UTC,1058152320,23160,TUCSON INTL AP,AZ,PIMA,38,43,32.1314,-110.9553
2003-07-14 03:13:00 UTC,1058152380,23160,TUCSON INTL AP,AZ,PIMA,36,43,32.1314,-110.9553
2003-07-14 03:14:00 UTC,1058152440,23160,TUCSON INTL AP,AZ,PIMA,35,42,32.1314,-110.9553
2003-07-14 03:15:00 UTC,1058152500,23160,TUCSON INTL AP,AZ,PIMA,38,47,32.1314,-110.9553
2003-07-14 03:17:00 UTC,1058152620,23160,TUCSON INTL AP,AZ,PIMA,35,44,32.1314,-110.9553
2003-07-14 03:18:00 UTC,1058152680,23160,TUCSON INTL AP,AZ,PIMA,37,46,32.1314,-110.9553
2003-07-14 03:19:00 UTC,1058152740,23160,TUCSON INTL AP,AZ,PIMA,40,47,32.1314,-110.9553
2003-07-14 03:20:00 UTC,1058152800,23160,TUCSON INTL AP,AZ,PIMA,42,45,32.1314,-110.9553
2003-07-14 03:21:00 UTC,1058152860,23160,TUCSON INTL AP,AZ,PIMA,41,44,32.1314,-110.9553
2003-07-14 03:23:00 UTC,1058152980,23160,TUCSON INTL AP,AZ,PIMA,32,40,32.1314,-110.9553
2003-07-14 03:24:00 UTC,1058153040,23160,TUCSON INTL AP,AZ,PIMA,34,46,32.1314,-110.9553
2003-07-14 03:25:00 UTC,1058153100,23160,TUCSON INTL AP,AZ,PIMA,37,44,32.1314,-110.9553
2003-07-14 03:28:00 UTC,1058153280,23160,TUCSON INTL AP,AZ,PIMA,36,44,32.1314,-110.9553
2003-07-14 03:29:00 UTC,1058153340,23160,TUCSON INTL AP,AZ,PIMA,38,43,32.1314,-110.9553
2003-07-14 03:30:00 UTC,1058153400,23160,TUCSON INTL AP,AZ,PIMA,37,43,32.1314,-110.9553
2003-07-14 03:31:00 UTC,1058153460,23160,TUCSON INTL AP,AZ,PIMA,38,45,32.1314,-110.9553
2003-07-14 03:32:00 UTC,1058153520,23160,TUCSON INTL AP,AZ,PIMA,40,43,32.1314,-110.9553
2003-07-14 03:33:00 UTC,1058153580,23160,TUCSON INTL AP,AZ,PIMA,39,41,32.1314,-110.9553
2003-07-14 03:34:00 UTC,1058153640,23160,TUCSON INTL AP,AZ,PIMA,36,40,32.1314,-110.9553
2003-07-14 03:35:00 UTC,1058153700,23160,TUCSON INTL AP,AZ,PIMA,35,40,32.1314,-110.9553
2003-07-14 03:36:00 UTC,1058153760,23160,TUCSON INTL AP,AZ,PIMA,38,45,32.1314,-110.9553
2003-07-14 03:37:00 UTC,1058153820,23160,TUCSON INTL AP,AZ,PIMA,40,45,32.1314,-110.9553
2003-07-14 03:38:00 UTC,1058153880,14914,FARGO HECTOR INTL AP,ND,CASS,34,48,46.9253,-96.8111
2003-07-14 03:38:00 UTC,1058153880,23160,TUCSON INTL AP,AZ,PIMA,39,44,32.1314,-110.9553
2003-07-14 03:39:00 UTC,1058153940,14914,FARGO HECTOR INTL AP,ND,CASS,39,44,46.9253,-96.8111
2003-07-14 03:39:00 UTC,1058153940,23160,TUCSON INTL AP,AZ,PIMA,37,40,32.1314,-110.9553
2003-07-14 03:40:00 UTC,1058154000,14914,FARGO HECTOR INTL AP,ND,CASS,40,46,46.9253,-96.8111
2003-07-14 09:38:00 UTC,1058175480,14936,HURON REGIONAL AP,SD,BEADLE,30,43,44.3981,-98.2231
2003-07-14 09:41:00 UTC,1058175660,14936,HURON REGIONAL AP,SD,BEADLE,28,40,44.3981,-98.2231
2003-07-14 10:26:00 UTC,1058178360,24090,RAPID CITY REGIONAL AP,SD,PENNINGTON,33,40,44.0433,-103.0536
2003-07-14 10:34:00 UTC,1058178840,24090,RAPID CITY REGIONAL AP,SD,PENNINGTON,33,42,44.0433,-103.0536
2003-07-14 10:36:00 UTC,1058178960,24090,RAPID CITY REGIONAL AP,SD,PENNINGTON,34,42,44.0433,-103.0536
2003-07-14 10:43:00 UTC,1058179380,24090,RAPID CITY REGIONAL AP,SD,PENNINGTON,34,42,44.0433,-103.0536
2003-07-14 11:20:00 UTC,1058181600,24090,RAPID CITY REGIONAL AP,SD,PENNINGTON,33,40,44.0433,-103.0536
2003-07-15 23:02:00 UTC,1058310120,24089,CASPER NATRONA COUNTY INTL AP,WY,NATRONA,27,43,42.8975,-106.4636
2003-07-16 00:43:00 UTC,1058316180,93814,CINCINNATI NORTHERN KY AP,KY,BOONE,30,41,39.0447,-84.6733
2003-07-16 06:12:00 UTC,1058335920,24090,RAPID CITY REGIONAL AP,SD,PENNINGTON,32,41,44.0433,-103.0536
2003-07-16 11:07:00 UTC,1058353620,22010,DEL RIO INTERNATIONAL AP,TX,VAL VERDE,32,40,29.3772,-100.9275
2003-07-16 11:09:00 UTC,1058353740,22010,DEL RIO INTERNATIONAL AP,TX,VAL VERDE,31,41,29.3772,-100.9275
2003-07-16 11:13:00 UTC,1058353980,22010,DEL RIO INTERNATIONAL AP,TX,VAL VERDE,32,41,29.3772,-100.9275
2003-07-16 11:17:00 UTC,1058354220,22010,DEL RIO INTERNATIONAL AP,TX,VAL VERDE,32,41,29.3772,-100.9275
2003-07-16 11:18:00 UTC,1058354280,22010,DEL RIO INTERNATIONAL AP,TX,VAL VERDE,33,43,29.3772,-100.9275
2003-07-16 11:21:00 UTC,1058354460,22010,DEL RIO INTERNATIONAL AP,TX,VAL VERDE,33,41,29.3772,-100.9275
2003-07-16 11:22:00 UTC,1058354520,22010,DEL RIO INTERNATIONAL AP,TX,VAL VERDE,35,46,29.3772,-100.9275
2003-07-16 11:23:00 UTC,1058354580,22010,DEL RIO INTERNATIONAL AP,TX,VAL VERDE,36,43,29.3772,-100.9275
2003-07-16 11:28:00 UTC,1058354880,22010,DEL RIO INTERNATIONAL AP,TX,VAL VERDE,32,41,29.3772,-100.9275
2003-07-16 11:29:00 UTC,1058354940,22010,DEL RIO INTERNATIONAL AP,TX,VAL VERDE,33,43,29.3772,-100.9275
2003-07-16 11:32:00 UTC,1058355120,22010,DEL RIO INTERNATIONAL AP,TX,VAL VERDE,29,41,29.3772,-100.9275
2003-07-16 11:34:00 UTC,1058355240,22010,DEL RIO INTERNATIONAL AP,TX,VAL VERDE,29,41,29.3772,-100.9275
2003-07-16 11:41:00 UTC,1058355660,22010,DEL RIO INTERNATIONAL AP,TX,VAL VERDE,32,41,29.3772,-100.9275
2003-07-16 11:42:00 UTC,1058355720,22010,DEL RIO INTERNATIONAL AP,TX,VAL VERDE,31,41,29.3772,-100.9275
2003-07-16 11:48:00 UTC,1058356080,22010,DEL RIO INTERNATIONAL AP,TX,VAL VERDE,30,40,29.3772,-100.9275
2003-07-16 11:49:00 UTC,1058356140,22010,DEL RIO INTERNATIONAL AP,TX,VAL VERDE,32,40,29.3772,-100.9275
2003-07-16 11:53:00 UTC,1058356380,22010,DEL RIO INTERNATIONAL AP,TX,VAL VERDE,30,40,29.3772,-100.9275
2003-07-16 11:58:00 UTC,1058356680,22010,DEL RIO INTERNATIONAL AP,TX,VAL VERDE,31,40,29.3772,-100.9275
2003-07-16 12:01:00 UTC,1058356860,22010,DEL RIO INTERNATIONAL AP,TX,VAL VERDE,32,41,29.3772,-100.9275
2003-07-16 12:06:00 UTC,1058357160,22010,DEL RIO INTERNATIONAL AP,TX,VAL VERDE,28,41,29.3772,-100.9275
2003-07-16 12:07:00 UTC,1058357220,22010,DEL RIO INTERNATIONAL AP,TX,VAL VERDE,33,42,29.3772,-100.9275
2003-07-16 12:09:00 UTC,1058357340,22010,DEL RIO INTERNATIONAL AP,TX,VAL VERDE,30,41,29.3772,-100.9275
2003-07-16 12:10:00 UTC,1058357400,22010,DEL RIO INTERNATIONAL AP,TX,VAL VERDE,33,40,29.3772,-100.9275
2003-07-16 12:11:00 UTC,1058357460,22010,DEL RIO INTERNATIONAL AP,TX,VAL VERDE,36,42,29.3772,-100.9275
2003-07-16 12:14:00 UTC,1058357640,22010,DEL RIO INTERNATIONAL AP,TX,VAL VERDE,31,40,29.3772,-100.9275
2003-07-16 12:18:00 UTC,1058357880,22010,DEL RIO INTERNATIONAL AP,TX,VAL VERDE,30,40,29.3772,-100.9275
2003-07-16 12:23:00 UTC,1058358180,22010,DEL RIO INTERNATIONAL AP,TX,VAL VERDE,34,45,29.3772,-100.9275
2003-07-16 12:24:00 UTC,1058358240,22010,DEL RIO INTERNATIONAL AP,TX,VAL VERDE,35,47,29.3772,-100.9275
2003-07-16 12:30:00 UTC,1058358600,22010,DEL RIO INTERNATIONAL AP,TX,VAL VERDE,34,41,29.3772,-100.9275
2003-07-16 12:37:00 UTC,1058359020,22010,DEL RIO INTERNATIONAL AP,TX,VAL VERDE,31,42,29.3772,-100.9275
2003-07-16 12:38:00 UTC,1058359080,22010,DEL RIO INTERNATIONAL AP,TX,VAL VERDE,33,40,29.3772,-100.9275
2003-07-16 12:42:00 UTC,1058359320,22010,DEL RIO INTERNATIONAL AP,TX,VAL VERDE,30,46,29.3772,-100.9275
2003-07-16 12:43:00 UTC,1058359380,22010,DEL RIO INTERNATIONAL AP,TX,VAL VERDE,35,42,29.3772,-100.9275
2003-07-16 12:53:00 UTC,1058359980,22010,DEL RIO INTERNATIONAL AP,TX,VAL VERDE,31,40,29.3772,-100.9275
2003-07-16 13:03:00 UTC,1058360580,22010,DEL RIO INTERNATIONAL AP,TX,VAL VERDE,28,40,29.3772,-100.9275
2003-07-16 21:17:00 UTC,1058390220,24089,CASPER NATRONA COUNTY INTL AP,WY,NATRONA,23,40,42.8975,-106.4636
2003-07-16 23:44:00 UTC,1058399040,23169,LAS VEGAS MCCARRAN INTL AP,NV,CLARK,27,40,36.0789,-115.1553
2003-07-17 00:03:00 UTC,1058400180,23169,LAS VEGAS MCCARRAN INTL AP,NV,CLARK,29,41,36.0789,-115.1553
2003-07-17 00:33:00 UTC,1058401980,23066,GRAND JUNCTION WALKER FIELD,CO,MESA,30,40,39.1342,-108.54
2003-07-17 00:34:00 UTC,1058402040,23066,GRAND JUNCTION WALKER FIELD,CO,MESA,36,40,39.1342,-108.54
2003-07-17 00:35:00 UTC,1058402100,23066,GRAND JUNCTION WALKER FIELD,CO,MESA,36,40,39.1342,-108.54
2003-07-17 00:36:00 UTC,1058402160,23066,GRAND JUNCTION WALKER FIELD,CO,MESA,37,41,39.1342,-108.54
2003-07-17 02:31:00 UTC,1058409060,24143,GREAT FALLS INTL AP,MT,CASCADE,30,42,47.4733,-111.3822
2003-07-17 02:32:00 UTC,1058409120,24143,GREAT FALLS INTL AP,MT,CASCADE,35,43,47.4733,-111.3822
2003-07-17 07:49:00 UTC,1058428140,93842,COLUMBUS METROPOLITAN AP,GA,MUSCOGEE,23,51,32.5161,-84.9422
2003-07-17 07:50:00 UTC,1058428200,93842,COLUMBUS METROPOLITAN AP,GA,MUSCOGEE,31,40,32.5161,-84.9422
2003-07-17 23:10:00 UTC,1058483400,23044,EL PASO INTL AP,TX,EL PASO,26,41,31.8111,-106.3758
2003-07-17 23:23:00 UTC,1058484180,23044,EL PASO INTL AP,TX,EL PASO,32,40,31.8111,-106.3758
2003-07-17 23:29:00 UTC,1058484540,23044,EL PASO INTL AP,TX,EL PASO,33,40,31.8111,-106.3758
2003-07-21 00:52:00 UTC,1058748720,14939,LINCOLN MUNICIPAL AP,NE,LANCASTER,32,47,40.8311,-96.7644
2003-07-21 00:53:00 UTC,1058748780,14939,LINCOLN MUNICIPAL AP,NE,LANCASTER,38,45,40.8311,-96.7644
2003-07-21 00:59:00 UTC,1058749140,14939,LINCOLN MUNICIPAL AP,NE,LANCASTER,34,40,40.8311,-96.7644
2003-07-21 01:00:00 UTC,1058749200,14939,LINCOLN MUNICIPAL AP,NE,LANCASTER,37,46,40.8311,-96.7644
2003-07-21 01:01:00 UTC,1058749260,14939,LINCOLN MUNICIPAL AP,NE,LANCASTER,38,46,40.8311,-96.7644
2003-07-21 01:02:00 UTC,1058749320,14939,LINCOLN MUNICIPAL AP,NE,LANCASTER,38,45,40.8311,-96.7644
2003-07-21 01:04:00 UTC,1058749440,14939,LINCOLN MUNICIPAL AP,NE,LANCASTER,36,48,40.8311,-96.7644
2003-07-21 01:05:00 UTC,1058749500,14939,LINCOLN MUNICIPAL AP,NE,LANCASTER,38,46,40.8311,-96.7644
2003-07-21 01:06:00 UTC,1058749560,14935,GRAND ISLAND CENTRAL NE REGIONAL AP,NE,HALL,31,45,40.9611,-98.3136
2003-07-21 01:06:00 UTC,1058749560,14939,LINCOLN MUNICIPAL AP,NE,LANCASTER,37,45,40.8311,-96.7644
2003-07-21 01:07:00 UTC,1058749620,14939,LINCOLN MUNICIPAL AP,NE,LANCASTER,38,45,40.8311,-96.7644
2003-07-21 01:08:00 UTC,1058749680,14939,LINCOLN MUNICIPAL AP,NE,LANCASTER,38,40,40.8311,-96.7644
2003-07-21 06:46:00 UTC,1058769960,14842,PEORIA GREATER PEORIA AP,IL,PEORIA,24,41,40.6675,-89.6839
2003-07-21 06:47:00 UTC,1058770020,14842,PEORIA GREATER PEORIA AP,IL,PEORIA,30,41,40.6675,-89.6839
2003-07-21 10:04:00 UTC,1058781840,93819,INDIANAPOLIS INTL AP,IN,MARION,21,40,39.7252,-86.2817
2003-07-21 10:05:00 UTC,1058781900,93819,INDIANAPOLIS INTL AP,IN,MARION,35,44,39.7252,-86.2817
2003-07-21 10:06:00 UTC,1058781960,93819,INDIANAPOLIS INTL AP,IN,MARION,35,42,39.7252,-86.2817
2003-07-21 10:07:00 UTC,1058782020,93819,INDIANAPOLIS INTL AP,IN,MARION,34,40,39.7252,-86.2817
2003-07-21 11:50:00 UTC,1058788200,93814,CINCINNATI NORTHERN KY AP,KY,BOONE,30,43,39.0447,-84.6733
2003-07-21 11:51:00 UTC,1058788260,93814,CINCINNATI NORTHERN KY AP,KY,BOONE,34,40,39.0447,-84.6733
2003-07-21 12:05:00 UTC,1058789100,93815,DAYTON INTL AP,OH,MONTGOMERY,25,45,39.9064,-84.2186
2003-07-21 12:06:00 UTC,1058789160,93815,DAYTON INTL AP,OH,MONTGOMERY,34,46,39.9064,-84.2186
2003-07-21 19:18:00 UTC,1058815080,13897,NASHVILLE INTL AP,TN,DAVIDSON,27,41,36.1253,-86.6764
2003-07-21 19:52:00 UTC,1058817120,03812,ASHEVILLE REGIONAL AP,NC,BUNCOMBE,34,40,35.4319,-82.5375
2003-07-21 19:53:00 UTC,1058817180,03812,ASHEVILLE REGIONAL AP,NC,BUNCOMBE,32,41,35.4319,-82.5375
2003-07-21 21:54:00 UTC,1058824440,04725,BINGHAMTON EDWIN A LINK FIELD,NY,BROOME,31,47,42.2078,-75.9814
2003-07-21 21:55:00 UTC,1058824500,04725,BINGHAMTON EDWIN A LINK FIELD,NY,BROOME,32,40,42.2078,-75.9814
2003-07-21 22:03:00 UTC,1058824980,13876,BIRMINGHAM AP,AL,JEFFERSON,32,44,33.5656,-86.745
2003-07-21 22:04:00 UTC,1058825040,13876,BIRMINGHAM AP,AL,JEFFERSON,35,43,33.5656,-86.745
2003-07-21 22:05:00 UTC,1058825100,13876,BIRMINGHAM AP,AL,JEFFERSON,36,43,33.5656,-86.745
2003-07-21 22:06:00 UTC,1058825160,13876,BIRMINGHAM AP,AL,JEFFERSON,36,41,33.5656,-86.745
2003-07-21 23:18:00 UTC,1058829480,23050,ALBUQUERQUE INTL AP,NM,BERNALILLO,31,44,35.0356,-106.6219
2003-07-22 05:44:00 UTC,1058852640,03928,WICHITA MID-CONTINENT AP,KS,SEDGWICK,29,43,37.6553,-97.4431
2003-07-22 05:45:00 UTC,1058852700,03928,WICHITA MID-CONTINENT AP,KS,SEDGWICK,38,46,37.6553,-97.4431
2003-07-22 05:46:00 UTC,1058852760,03928,WICHITA MID-CONTINENT AP,KS,SEDGWICK,41,45,37.6553,-97.4431
2003-07-22 05:47:00 UTC,1058852820,03928,WICHITA MID-CONTINENT AP,KS,SEDGWICK,37,43,37.6553,-97.4431
2003-07-22 05:48:00 UTC,1058852880,03928,WICHITA MID-CONTINENT AP,KS,SEDGWICK,36,46,37.6553,-97.4431
2003-07-22 05:49:00 UTC,1058852940,03928,WICHITA MID-CONTINENT AP,KS,SEDGWICK,39,48,37.6553,-97.4431
2003-07-22 05:50:00 UTC,1058853000,03928,WICHITA MID-CONTINENT AP,KS,SEDGWICK,39,43,37.6553,-97.4431
2003-07-22 05:52:00 UTC,1058853120,03928,WICHITA MID-CONTINENT AP,KS,SEDGWICK,33,41,37.6553,-97.4431
2003-07-22 05:53:00 UTC,1058853180,03928,WICHITA MID-CONTINENT AP,KS,SEDGWICK,33,41,37.6553,-97.4431
2003-07-22 05:54:00 UTC,1058853240,03928,WICHITA MID-CONTINENT AP,KS,SEDGWICK,33,41,37.6553,-97.4431
2003-07-22 05:55:00 UTC,1058853300,03928,WICHITA MID-CONTINENT AP,KS,SEDGWICK,36,44,37.6553,-97.4431
2003-07-22 11:53:00 UTC,1058874780,13893,MEMPHIS INTERNATIONAL AP,TN,SHELBY,30,44,35.0564,-89.9864
2003-07-22 11:54:00 UTC,1058874840,13893,MEMPHIS INTERNATIONAL AP,TN,SHELBY,40,53,35.0564,-89.9864
2003-07-22 11:55:00 UTC,1058874900,13893,MEMPHIS INTERNATIONAL AP,TN,SHELBY,42,45,35.0564,-89.9864
2003-07-22 11:56:00 UTC,1058874960,13893,MEMPHIS INTERNATIONAL AP,TN,SHELBY,38,42,35.0564,-89.9864
2003-07-22 11:58:00 UTC,1058875080,13893,MEMPHIS INTERNATIONAL AP,TN,SHELBY,34,49,35.0564,-89.9864
2003-07-22 11:59:00 UTC,1058875140,13893,MEMPHIS INTERNATIONAL AP,TN,SHELBY,35,40,35.0564,-89.9864
2003-07-22 12:00:00 UTC,1058875200,13893,MEMPHIS INTERNATIONAL AP,TN,SHELBY,34,45,35.0564,-89.9864
2003-07-22 12:01:00 UTC,1058875260,13893,MEMPHIS INTERNATIONAL AP,TN,SHELBY,38,51,35.0564,-89.9864
2003-07-22 12:02:00 UTC,1058875320,13893,MEMPHIS INTERNATIONAL AP,TN,SHELBY,40,45,35.0564,-89.9864
2003-07-22 12:03:00 UTC,1058875380,13893,MEMPHIS INTERNATIONAL AP,TN,SHELBY,39,45,35.0564,-89.9864
2003-07-22 12:04:00 UTC,1058875440,13893,MEMPHIS INTERNATIONAL AP,TN,SHELBY,34,40,35.0564,-89.9864
2003-07-22 12:05:00 UTC,1058875500,13893,MEMPHIS INTERNATIONAL AP,TN,SHELBY,31,40,35.0564,-89.9864
2003-07-22 17:39:00 UTC,1058895540,13874,ATLANTA HARTSFIELD INTL AP,GA,FULTON,27,47,33.6301,-84.4418
2003-07-22 20:07:00 UTC,1058904420,93739,WALLOPS ISLAND WALLOPS FLIGHT FACILITY,VA,ACCOMACK,30,45,37.9406,-75.4631
2003-07-22 20:08:00 UTC,1058904480,93739,WALLOPS ISLAND WALLOPS FLIGHT FACILITY,VA,ACCOMACK,33,44,37.9406,-75.4631
2003-07-22 21:55:00 UTC,1058910900,25624,COLD BAY AP,AK,ALEUTIANS EAST BOROUGH,33,40,55.2208,-162.7278
2003-07-22 22:04:00 UTC,1058911440,25624,COLD BAY AP,AK,ALEUTIANS EAST BOROUGH,32,40,55.2208,-162.7278
2003-07-22 22:10:00 UTC,1058911800,25624,COLD BAY AP,AK,ALEUTIANS EAST BOROUGH,34,40,55.2208,-162.7278
2003-07-22 22:23:00 UTC,1058912580,25624,COLD BAY AP,AK,ALEUTIANS EAST BOROUGH,32,40,55.2208,-162.7278
2003-07-22 22:26:00 UTC,1058912760,13740,RICHMOND INTL AP,VA,HENRICO,27,42,37.5115,-77.3234
2003-07-22 22:44:00 UTC,1058913840,25624,COLD BAY AP,AK,ALEUTIANS EAST BOROUGH,32,42,55.2208,-162.7278
2003-07-22 23:01:00 UTC,1058914860,25624,COLD BAY AP,AK,ALEUTIANS EAST BOROUGH,32,41,55.2208,-162.7278
2003-07-22 23:07:00 UTC,1058915220,25624,COLD BAY AP,AK,ALEUTIANS EAST BOROUGH,28,40,55.2208,-162.7278
2003-07-22 23:08:00 UTC,1058915280,25624,COLD BAY AP,AK,ALEUTIANS EAST BOROUGH,34,43,55.2208,-162.7278
2003-07-22 23:23:00 UTC,1058916180,25624,COLD BAY AP,AK,ALEUTIANS EAST BOROUGH,32,41,55.2208,-162.7278
2003-07-22 23:24:00 UTC,1058916240,25624,COLD BAY AP,AK,ALEUTIANS EAST BOROUGH,35,42,55.2208,-162.7278
2003-07-22 23:34:00 UTC,1058916840,25624,COLD BAY AP,AK,ALEUTIANS EAST BOROUGH,33,40,55.2208,-162.7278
2003-07-22 23:39:00 UTC,1058917140,25624,COLD BAY AP,AK,ALEUTIANS EAST BOROUGH,33,42,55.2208,-162.7278
2003-07-22 23:48:00 UTC,1058917680,25624,COLD BAY AP,AK,ALEUTIANS EAST BOROUGH,31,41,55.2208,-162.7278
2003-07-22 23:51:00 UTC,1058917860,25624,COLD BAY AP,AK,ALEUTIANS EAST BOROUGH,31,40,55.2208,-162.7278
2003-07-23 00:02:00 UTC,1058918520,25624,COLD BAY AP,AK,ALEUTIANS EAST BOROUGH,31,41,55.2208,-162.7278
2003-07-23 00:05:00 UTC,1058918700,25624,COLD BAY AP,AK,ALEUTIANS EAST BOROUGH,32,41,55.2208,-162.7278
2003-07-23 00:31:00 UTC,1058920260,25624,COLD BAY AP,AK,ALEUTIANS EAST BOROUGH,32,41,55.2208,-162.7278
2003-07-23 00:41:00 UTC,1058920860,25624,COLD BAY AP,AK,ALEUTIANS EAST BOROUGH,32,40,55.2208,-162.7278
2003-07-23 00:45:00 UTC,1058921100,25624,COLD BAY AP,AK,ALEUTIANS EAST BOROUGH,32,40,55.2208,-162.7278
2003-07-23 00:46:00 UTC,1058921160,25624,COLD BAY AP,AK,ALEUTIANS EAST BOROUGH,33,40,55.2208,-162.7278
2003-07-23 00:47:00 UTC,1058921220,25624,COLD BAY AP,AK,ALEUTIANS EAST BOROUGH,34,41,55.2208,-162.7278
2003-07-23 00:48:00 UTC,1058921280,25624,COLD BAY AP,AK,ALEUTIANS EAST BOROUGH,37,41,55.2208,-162.7278
2003-07-23 00:57:00 UTC,1058921820,25624,COLD BAY AP,AK,ALEUTIANS EAST BOROUGH,33,40,55.2208,-162.7278
2003-07-23 00:59:00 UTC,1058921940,25624,COLD BAY AP,AK,ALEUTIANS EAST BOROUGH,32,41,55.2208,-162.7278
2003-07-23 01:00:00 UTC,1058922000,25624,COLD BAY AP,AK,ALEUTIANS EAST BOROUGH,37,41,55.2208,-162.7278
2003-07-23 01:32:00 UTC,1058923920,25624,COLD BAY AP,AK,ALEUTIANS EAST BOROUGH,33,45,55.2208,-162.7278
2003-07-23 01:33:00 UTC,1058923980,25624,COLD BAY AP,AK,ALEUTIANS EAST BOROUGH,37,44,55.2208,-162.7278
2003-07-23 01:35:00 UTC,1058924100,25624,COLD BAY AP,AK,ALEUTIANS EAST BOROUGH,31,42,55.2208,-162.7278
2003-07-23 01:36:00 UTC,1058924160,25624,COLD BAY AP,AK,ALEUTIANS EAST BOROUGH,36,42,55.2208,-162.7278
2003-07-23 01:37:00 UTC,1058924220,25624,COLD BAY AP,AK,ALEUTIANS EAST BOROUGH,35,41,55.2208,-162.7278
2003-07-23 01:41:00 UTC,1058924460,25624,COLD BAY AP,AK,ALEUTIANS EAST BOROUGH,34,41,55.2208,-162.7278
2003-07-23 01:42:00 UTC,1058924520,25624,COLD BAY AP,AK,ALEUTIANS EAST BOROUGH,35,41,55.2208,-162.7278
2003-07-23 01:43:00 UTC,1058924580,25624,COLD BAY AP,AK,ALEUTIANS EAST BOROUGH,36,40,55.2208,-162.7278
2003-07-23 01:44:00 UTC,1058924640,25624,COLD BAY AP,AK,ALEUTIANS EAST BOROUGH,36,43,55.2208,-162.7278
2003-07-23 01:45:00 UTC,1058924700,25624,COLD BAY AP,AK,ALEUTIANS EAST BOROUGH,37,42,55.2208,-162.7278
2003-07-23 01:46:00 UTC,1058924760,25624,COLD BAY AP,AK,ALEUTIANS EAST BOROUGH,38,43,55.2208,-162.7278
2003-07-23 01:47:00 UTC,1058924820,25624,COLD BAY AP,AK,ALEUTIANS EAST BOROUGH,35,40,55.2208,-162.7278
2003-07-23 01:50:00 UTC,1058925000,25624,COLD BAY AP,AK,ALEUTIANS EAST BOROUGH,34,41,55.2208,-162.7278
2003-07-23 01:51:00 UTC,1058925060,25624,COLD BAY AP,AK,ALEUTIANS EAST BOROUGH,35,44,55.2208,-162.7278
2003-07-23 01:52:00 UTC,1058925120,25624,COLD BAY AP,AK,ALEUTIANS EAST BOROUGH,35,40,55.2208,-162.7278
2003-07-23 01:54:00 UTC,1058925240,25624,COLD BAY AP,AK,ALEUTIANS EAST BOROUGH,36,44,55.2208,-162.7278
2003-07-23 01:56:00 UTC,1058925360,25624,COLD BAY AP,AK,ALEUTIANS EAST BOROUGH,36,43,55.2208,-162.7278
2003-07-23 01:57:00 UTC,1058925420,23185,RENO TAHOE INTL AP,NV,WASHOE,27,46,39.4839,-119.7711
2003-07-23 01:57:00 UTC,1058925420,25624,COLD BAY AP,AK,ALEUTIANS EAST BOROUGH,39,43,55.2208,-162.7278
2003-07-23 01:58:00 UTC,1058925480,25624,COLD BAY AP,AK,ALEUTIANS EAST BOROUGH,38,40,55.2208,-162.7278
2003-07-23 01:59:00 UTC,1058925540,25624,COLD BAY AP,AK,ALEUTIANS EAST BOROUGH,36,42,55.2208,-162.7278
2003-07-23 02:02:00 UTC,1058925720,25624,COLD BAY AP,AK,ALEUTIANS EAST BOROUGH,35,41,55.2208,-162.7278
2003-07-23 02:03:00 UTC,1058925780,25624,COLD BAY AP,AK,ALEUTIANS EAST BOROUGH,36,40,55.2208,-162.7278
2003-07-23 02:05:00 UTC,1058925900,25624,COLD BAY AP,AK,ALEUTIANS EAST BOROUGH,32,40,55.2208,-162.7278
2003-07-23 02:16:00 UTC,1058926560,25624,COLD BAY AP,AK,ALEUTIANS EAST BOROUGH,30,40,55.2208,-162.7278
2003-07-23 02:20:00 UTC,1058926800,25624,COLD BAY AP,AK,ALEUTIANS EAST BOROUGH,35,42,55.2208,-162.7278
2003-07-23 02:35:00 UTC,1058927700,25624,COLD BAY AP,AK,ALEUTIANS EAST BOROUGH,31,41,55.2208,-162.7278
2003-07-23 02:40:00 UTC,1058928000,25624,COLD BAY AP,AK,ALEUTIANS EAST BOROUGH,33,40,55.2208,-162.7278
2003-07-23 02:43:00 UTC,1058928180,25624,COLD BAY AP,AK,ALEUTIANS EAST BOROUGH,34,40,55.2208,-162.7278
2003-07-23 02:44:00 UTC,1058928240,25624,COLD BAY AP,AK,ALEUTIANS EAST BOROUGH,36,42,55.2208,-162.7278
2003-07-23 02:45:00 UTC,1058928300,25624,COLD BAY AP,AK,ALEUTIANS EAST BOROUGH,38,42,55.2208,-162.7278
2003-07-23 02:46:00 UTC,1058928360,25624,COLD BAY AP,AK,ALEUTIANS EAST BOROUGH,38,44,55.2208,-162.7278
2003-07-23 02:47:00 UTC,1058928420,25624,COLD BAY AP,AK,ALEUTIANS EAST BOROUGH,37,41,55.2208,-162.7278
2003-07-23 02:48:00 UTC,1058928480,25624,COLD BAY AP,AK,ALEUTIANS EAST BOROUGH,38,44,55.2208,-162.7278
2003-07-23 02:49:00 UTC,1058928540,25624,COLD BAY AP,AK,ALEUTIANS EAST BOROUGH,37,41,55.2208,-162.7278
2003-07-23 02:51:00 UTC,1058928660,25624,COLD BAY AP,AK,ALEUTIANS EAST BOROUGH,37,44,55.2208,-162.7278
2003-07-23 02:53:00 UTC,1058928780,25624,COLD BAY AP,AK,ALEUTIANS EAST BOROUGH,34,41,55.2208,-162.7278
2003-07-23 02:57:00 UTC,1058929020,25624,COLD BAY AP,AK,ALEUTIANS EAST BOROUGH,35,41,55.2208,-162.7278
2003-07-23 02:59:00 UTC,1058929140,25624,COLD BAY AP,AK,ALEUTIANS EAST BOROUGH,35,40,55.2208,-162.7278
2003-07-23 03:07:00 UTC,1058929620,25624,COLD BAY AP,AK,ALEUTIANS EAST BOROUGH,36,44,55.2208,-162.7278
2003-07-23 03:09:00 UTC,1058929740,25624,COLD BAY AP,AK,ALEUTIANS EAST BOROUGH,36,43,55.2208,-162.7278
2003-07-23 03:10:00 UTC,1058929800,25624,COLD BAY AP,AK,ALEUTIANS EAST BOROUGH,39,45,55.2208,-162.7278
2003-07-23 03:11:00 UTC,1058929860,25624,COLD BAY AP,AK,ALEUTIANS EAST BOROUGH,40,45,55.2208,-162.7278
2003-07-23 03:12:00 UTC,1058929920,25624,COLD BAY AP,AK,ALEUTIANS EAST BOROUGH,38,46,55.2208,-162.7278
2003-07-23 03:13:00 UTC,1058929980,25624,COLD BAY AP,AK,ALEUTIANS EAST BOROUGH,37,43,55.2208,-162.7278
2003-07-23 03:14:00 UTC,1058930040,25624,COLD BAY AP,AK,ALEUTIANS EAST BOROUGH,38,44,55.2208,-162.7278
2003-07-23 03:15:00 UTC,1058930100,25624,COLD BAY AP,AK,ALEUTIANS EAST BOROUGH,38,42,55.2208,-162.7278
2003-07-23 03:16:00 UTC,1058930160,25624,COLD BAY AP,AK,ALEUTIANS EAST BOROUGH,39,46,55.2208,-162.7278
2003-07-23 03:17:00 UTC,1058930220,25624,COLD BAY AP,AK,ALEUTIANS EAST BOROUGH,39,41,55.2208,-162.7278
2003-07-23 03:19:00 UTC,1058930340,25624,COLD BAY AP,AK,ALEUTIANS EAST BOROUGH,36,49,55.2208,-162.7278
2003-07-23 03:20:00 UTC,1058930400,25624,COLD BAY AP,AK,ALEUTIANS EAST BOROUGH,41,48,55.2208,-162.7278
2003-07-23 03:21:00 UTC,1058930460,25624,COLD BAY AP,AK,ALEUTIANS EAST BOROUGH,39,45,55.2208,-162.7278
2003-07-23 03:22:00 UTC,1058930520,25624,COLD BAY AP,AK,ALEUTIANS EAST BOROUGH,40,46,55.2208,-162.7278
2003-07-23 03:23:00 UTC,1058930580,25624,COLD BAY AP,AK,ALEUTIANS EAST BOROUGH,38,40,55.2208,-162.7278
2003-07-23 03:24:00 UTC,1058930640,25624,COLD BAY AP,AK,ALEUTIANS EAST BOROUGH,37,45,55.2208,-162.7278
2003-07-23 03:25:00 UTC,1058930700,25624,COLD BAY AP,AK,ALEUTIANS EAST BOROUGH,39,46,55.2208,-162.7278
2003-07-23 03:26:00 UTC,1058930760,25624,COLD BAY AP,AK,ALEUTIANS EAST BOROUGH,39,41,55.2208,-162.7278
2003-07-23 03:27:00 UTC,1058930820,25624,COLD BAY AP,AK,ALEUTIANS EAST BOROUGH,39,44,55.2208,-162.7278
2003-07-23 03:28:00 UTC,1058930880,25624,COLD BAY AP,AK,ALEUTIANS EAST BOROUGH,41,43,55.2208,-162.7278
2003-07-23 03:29:00 UTC,1058930940,25624,COLD BAY AP,AK,ALEUTIANS EAST BOROUGH,39,43,55.2208,-162.7278
2003-07-23 03:34:00 UTC,1058931240,25624,COLD BAY AP,AK,ALEUTIANS EAST BOROUGH,34,42,55.2208,-162.7278
2003-07-23 03:35:00 UTC,1058931300,25624,COLD BAY AP,AK,ALEUTIANS EAST BOROUGH,36,41,55.2208,-162.7278
2003-07-23 03:37:00 UTC,1058931420,25624,COLD BAY AP,AK,ALEUTIANS EAST BOROUGH,35,43,55.2208,-162.7278
2003-07-23 03:38:00 UTC,1058931480,25624,COLD BAY AP,AK,ALEUTIANS EAST BOROUGH,35,41,55.2208,-162.7278
2003-07-23 03:40:00 UTC,1058931600,25624,COLD BAY AP,AK,ALEUTIANS EAST BOROUGH,34,41,55.2208,-162.7278
2003-07-23 03:43:00 UTC,1058931780,25624,COLD BAY AP,AK,ALEUTIANS EAST BOROUGH,36,43,55.2208,-162.7278
2003-07-23 03:44:00 UTC,1058931840,25624,COLD BAY AP,AK,ALEUTIANS EAST BOROUGH,38,44,55.2208,-162.7278
2003-07-23 03:45:00 UTC,1058931900,25624,COLD BAY AP,AK,ALEUTIANS EAST BOROUGH,39,43,55.2208,-162.7278
2003-07-23 03:47:00 UTC,1058932020,25624,COLD BAY AP,AK,ALEUTIANS EAST BOROUGH,34,41,55.2208,-162.7278
2003-07-23 03:48:00 UTC,1058932080,25624,COLD BAY AP,AK,ALEUTIANS EAST BOROUGH,35,40,55.2208,-162.7278
2003-07-23 03:49:00 UTC,1058932140,25624,COLD BAY AP,AK,ALEUTIANS EAST BOROUGH,34,40,55.2208,-162.7278
2003-07-23 03:51:00 UTC,1058932260,25624,COLD BAY AP,AK,ALEUTIANS EAST BOROUGH,36,44,55.2208,-162.7278
2003-07-23 03:52:00 UTC,1058932320,25624,COLD BAY AP,AK,ALEUTIANS EAST BOROUGH,37,40,55.2208,-162.7278
2003-07-23 03:54:00 UTC,1058932440,25624,COLD BAY AP,AK,ALEUTIANS EAST BOROUGH,37,41,55.2208,-162.7278
2003-07-23 03:55:00 UTC,1058932500,25624,COLD BAY AP,AK,ALEUTIANS EAST BOROUGH,37,41,55.2208,-162.7278
2003-07-23 03:57:00 UTC,1058932620,25624,COLD BAY AP,AK,ALEUTIANS EAST BOROUGH,36,43,55.2208,-162.7278
2003-07-23 03:58:00 UTC,1058932680,25624,COLD BAY AP,AK,ALEUTIANS EAST BOROUGH,38,44,55.2208,-162.7278
2003-07-23 03:59:00 UTC,1058932740,25624,COLD BAY AP,AK,ALEUTIANS EAST BOROUGH,39,42,55.2208,-162.7278
2003-07-23 04:01:00 UTC,1058932860,25624,COLD BAY AP,AK,ALEUTIANS EAST BOROUGH,37,44,55.2208,-162.7278
2003-07-23 04:05:00 UTC,1058933100,25624,COLD BAY AP,AK,ALEUTIANS EAST BOROUGH,35,41,55.2208,-162.7278
2003-07-23 04:07:00 UTC,1058933220,25624,COLD BAY AP,AK,ALEUTIANS EAST BOROUGH,34,40,55.2208,-162.7278
2003-07-23 04:09:00 UTC,1058933340,25624,COLD BAY AP,AK,ALEUTIANS EAST BOROUGH,34,41,55.2208,-162.7278
2003-07-23 04:10:00 UTC,1058933400,25624,COLD BAY AP,AK,ALEUTIANS EAST BOROUGH,35,40,55.2208,-162.7278
2003-07-23 04:11:00 UTC,1058933460,25624,COLD BAY AP,AK,ALEUTIANS EAST BOROUGH,36,41,55.2208,-162.7278
2003-07-23 04:13:00 UTC,1058933580,25624,COLD BAY AP,AK,ALEUTIANS EAST BOROUGH,35,42,55.2208,-162.7278
2003-07-23 04:14:00 UTC,1058933640,25624,COLD BAY AP,AK,ALEUTIANS EAST BOROUGH,37,42,55.2208,-162.7278
2003-07-23 04:16:00 UTC,1058933760,25624,COLD BAY AP,AK,ALEUTIANS EAST BOROUGH,36,40,55.2208,-162.7278
2003-07-23 04:17:00 UTC,1058933820,25624,COLD BAY AP,AK,ALEUTIANS EAST BOROUGH,37,44,55.2208,-162.7278
2003-07-23 04:18:00 UTC,1058933880,25624,COLD BAY AP,AK,ALEUTIANS EAST BOROUGH,39,42,55.2208,-162.7278
2003-07-23 04:21:00 UTC,1058934060,25624,COLD BAY AP,AK,ALEUTIANS EAST BOROUGH,36,43,55.2208,-162.7278
2003-07-23 04:22:00 UTC,1058934120,25624,COLD BAY AP,AK,ALEUTIANS EAST BOROUGH,36,41,55.2208,-162.7278
2003-07-23 04:24:00 UTC,1058934240,25624,COLD BAY AP,AK,ALEUTIANS EAST BOROUGH,35,41,55.2208,-162.7278
2003-07-23 04:25:00 UTC,1058934300,25624,COLD BAY AP,AK,ALEUTIANS EAST BOROUGH,35,40,55.2208,-162.7278
2003-07-23 04:29:00 UTC,1058934540,25624,COLD BAY AP,AK,ALEUTIANS EAST BOROUGH,35,42,55.2208,-162.7278
2003-07-23 04:31:00 UTC,1058934660,25624,COLD BAY AP,AK,ALEUTIANS EAST BOROUGH,34,40,55.2208,-162.7278
2003-07-23 04:32:00 UTC,1058934720,25624,COLD BAY AP,AK,ALEUTIANS EAST BOROUGH,35,41,55.2208,-162.7278
2003-07-23 04:33:00 UTC,1058934780,25624,COLD BAY AP,AK,ALEUTIANS EAST BOROUGH,35,41,55.2208,-162.7278
2003-07-23 04:35:00 UTC,1058934900,25624,COLD BAY AP,AK,ALEUTIANS EAST BOROUGH,34,40,55.2208,-162.7278
2003-07-23 04:37:00 UTC,1058935020,25624,COLD BAY AP,AK,ALEUTIANS EAST BOROUGH,35,44,55.2208,-162.7278
2003-07-23 04:38:00 UTC,1058935080,25624,COLD BAY AP,AK,ALEUTIANS EAST BOROUGH,37,42,55.2208,-162.7278
2003-07-23 04:40:00 UTC,1058935200,25624,COLD BAY AP,AK,ALEUTIANS EAST BOROUGH,35,40,55.2208,-162.7278
2003-07-23 04:44:00 UTC,1058935440,25624,COLD BAY AP,AK,ALEUTIANS EAST BOROUGH,36,41,55.2208,-162.7278
2003-07-23 04:53:00 UTC,1058935980,25624,COLD BAY AP,AK,ALEUTIANS EAST BOROUGH,37,43,55.2208,-162.7278
2003-07-23 04:55:00 UTC,1058936100,25624,COLD BAY AP,AK,ALEUTIANS EAST BOROUGH,35,42,55.2208,-162.7278
2003-07-23 04:56:00 UTC,1058936160,25624,COLD BAY AP,AK,ALEUTIANS EAST BOROUGH,36,45,55.2208,-162.7278
2003-07-23 04:57:00 UTC,1058936220,25624,COLD BAY AP,AK,ALEUTIANS EAST BOROUGH,38,42,55.2208,-162.7278
2003-07-23 04:59:00 UTC,1058936340,25624,COLD BAY AP,AK,ALEUTIANS EAST BOROUGH,31,42,55.2208,-162.7278
2003-07-23 05:00:00 UTC,1058936400,25624,COLD BAY AP,AK,ALEUTIANS EAST BOROUGH,34,41,55.2208,-162.7278
2003-07-23 05:01:00 UTC,1058936460,25624,COLD BAY AP,AK,ALEUTIANS EAST BOROUGH,37,44,55.2208,-162.7278
2003-07-23 05:02:00 UTC,1058936520,25624,COLD BAY AP,AK,ALEUTIANS EAST BOROUGH,36,40,55.2208,-162.7278
2003-07-23 05:05:00 UTC,1058936700,25624,COLD BAY AP,AK,ALEUTIANS EAST BOROUGH,33,40,55.2208,-162.7278
2003-07-23 05:07:00 UTC,1058936820,25624,COLD BAY AP,AK,ALEUTIANS EAST BOROUGH,33,40,55.2208,-162.7278
2003-07-23 05:10:00 UTC,1058937000,25624,COLD BAY AP,AK,ALEUTIANS EAST BOROUGH,34,40,55.2208,-162.7278
2003-07-23 05:13:00 UTC,1058937180,25624,COLD BAY AP,AK,ALEUTIANS EAST BOROUGH,35,40,55.2208,-162.7278
2003-07-23 05:14:00 UTC,1058937240,25624,COLD BAY AP,AK,ALEUTIANS EAST BOROUGH,35,43,55.2208,-162.7278
2003-07-23 05:20:00 UTC,1058937600,25624,COLD BAY AP,AK,ALEUTIANS EAST BOROUGH,35,45,55.2208,-162.7278
2003-07-23 05:21:00 UTC,1058937660,25624,COLD BAY AP,AK,ALEUTIANS EAST BOROUGH,39,47,55.2208,-162.7278
2003-07-23 05:22:00 UTC,1058937720,25624,COLD BAY AP,AK,ALEUTIANS EAST BOROUGH,41,45,55.2208,-162.7278
2003-07-23 05:23:00 UTC,1058937780,25624,COLD BAY AP,AK,ALEUTIANS EAST BOROUGH,39,42,55.2208,-162.7278
2003-07-23 05:26:00 UTC,1058937960,25624,COLD BAY AP,AK,ALEUTIANS EAST BOROUGH,35,45,55.2208,-162.7278
2003-07-23 05:27:00 UTC,1058938020,25624,COLD BAY AP,AK,ALEUTIANS EAST BOROUGH,38,41,55.2208,-162.7278
2003-07-23 05:28:00 UTC,1058938080,25624,COLD BAY AP,AK,ALEUTIANS EAST BOROUGH,36,40,55.2208,-162.7278
2003-07-23 05:29:00 UTC,1058938140,25624,COLD BAY AP,AK,ALEUTIANS EAST BOROUGH,34,40,55.2208,-162.7278
2003-07-23 05:31:00 UTC,1058938260,25624,COLD BAY AP,AK,ALEUTIANS EAST BOROUGH,34,42,55.2208,-162.7278
2003-07-23 05:32:00 UTC,1058938320,25624,COLD BAY AP,AK,ALEUTIANS EAST BOROUGH,35,41,55.2208,-162.7278
2003-07-23 05:35:00 UTC,1058938500,25624,COLD BAY AP,AK,ALEUTIANS EAST BOROUGH,33,44,55.2208,-162.7278
2003-07-23 05:36:00 UTC,1058938560,25624,COLD BAY AP,AK,ALEUTIANS EAST BOROUGH,36,42,55.2208,-162.7278
2003-07-23 05:37:00 UTC,1058938620,25624,COLD BAY AP,AK,ALEUTIANS EAST BOROUGH,37,42,55.2208,-162.7278
2003-07-23 05:38:00 UTC,1058938680,25624,COLD BAY AP,AK,ALEUTIANS EAST BOROUGH,37,44,55.2208,-162.7278
2003-07-23 05:41:00 UTC,1058938860,25624,COLD BAY AP,AK,ALEUTIANS EAST BOROUGH,35,43,55.2208,-162.7278
2003-07-23 05:42:00 UTC,1058938920,25624,COLD BAY AP,AK,ALEUTIANS EAST BOROUGH,35,40,55.2208,-162.7278
2003-07-23 05:45:00 UTC,1058939100,25624,COLD BAY AP,AK,ALEUTIANS EAST BOROUGH,33,41,55.2208,-162.7278
2003-07-23 05:47:00 UTC,1058939220,25624,COLD BAY AP,AK,ALEUTIANS EAST BOROUGH,35,44,55.2208,-162.7278
2003-07-23 05:51:00 UTC,1058939460,25624,COLD BAY AP,AK,ALEUTIANS EAST BOROUGH,35,42,55.2208,-162.7278
2003-07-23 06:01:00 UTC,1058940060,25624,COLD BAY AP,AK,ALEUTIANS EAST BOROUGH,33,40,55.2208,-162.7278
2003-07-23 06:13:00 UTC,1058940780,25624,COLD BAY AP,AK,ALEUTIANS EAST BOROUGH,34,41,55.2208,-162.7278
2003-07-23 06:18:00 UTC,1058941080,25624,COLD BAY AP,AK,ALEUTIANS EAST BOROUGH,33,42,55.2208,-162.7278
2003-07-23 06:21:00 UTC,1058941260,25624,COLD BAY AP,AK,ALEUTIANS EAST BOROUGH,32,41,55.2208,-162.7278
2003-07-23 06:41:00 UTC,1058942460,25624,COLD BAY AP,AK,ALEUTIANS EAST BOROUGH,32,42,55.2208,-162.7278
2003-07-23 06:44:00 UTC,1058942640,25624,COLD BAY AP,AK,ALEUTIANS EAST BOROUGH,32,42,55.2208,-162.7278
2003-07-23 06:47:00 UTC,1058942820,25624,COLD BAY AP,AK,ALEUTIANS EAST BOROUGH,31,40,55.2208,-162.7278
2003-07-23 21:40:00 UTC,1058996400,22010,DEL RIO INTERNATIONAL AP,TX,VAL VERDE,30,40,29.3772,-100.9275
2003-07-23 21:52:00 UTC,1058997120,22010,DEL RIO INTERNATIONAL AP,TX,VAL VERDE,31,42,29.3772,-100.9275
2003-07-24 00:28:00 UTC,1059006480,24144,HELENA REGIONAL AP,MT,LEWIS AND CLARK,30,42,46.6056,-111.9636
2003-07-24 02:36:00 UTC,1059014160,24033,BILLINGS LOGAN INTL AP,MT,YELLOWSTONE,30,40,45.8069,-108.5422
2003-07-24 02:37:00 UTC,1059014220,24033,BILLINGS LOGAN INTL AP,MT,YELLOWSTONE,36,41,45.8069,-108.5422
2003-07-24 02:38:00 UTC,1059014280,24033,BILLINGS LOGAN INTL AP,MT,YELLOWSTONE,38,41,45.8069,-108.5422
2003-07-24 02:47:00 UTC,1059014820,24033,BILLINGS LOGAN INTL AP,MT,YELLOWSTONE,33,48,45.8069,-108.5422
2003-07-24 02:48:00 UTC,1059014880,24033,BILLINGS LOGAN INTL AP,MT,YELLOWSTONE,43,55,45.8069,-108.5422
2003-07-24 02:49:00 UTC,1059014940,24033,BILLINGS LOGAN INTL AP,MT,YELLOWSTONE,46,52,45.8069,-108.5422
2003-07-24 02:50:00 UTC,1059015000,24033,BILLINGS LOGAN INTL AP,MT,YELLOWSTONE,40,41,45.8069,-108.5422
2003-07-24 02:51:00 UTC,1059015060,24033,BILLINGS LOGAN INTL AP,MT,YELLOWSTONE,38,52,45.8069,-108.5422
2003-07-24 02:52:00 UTC,1059015120,24033,BILLINGS LOGAN INTL AP,MT,YELLOWSTONE,39,44,45.8069,-108.5422
2003-07-24 21:27:00 UTC,1059082020,94012,HAVRE CITY COUNTY AP,MT,HILL,24,42,48.5428,-109.7633
2003-07-24 21:28:00 UTC,1059082080,94012,HAVRE CITY COUNTY AP,MT,HILL,32,51,48.5428,-109.7633
2003-07-24 21:29:00 UTC,1059082140,94012,HAVRE CITY COUNTY AP,MT,HILL,35,40,48.5428,-109.7633
2003-07-24 21:30:00 UTC,1059082200,94012,HAVRE CITY COUNTY AP,MT,HILL,31,40,48.5428,-109.7633
2003-07-25 21:12:00 UTC,1059167520,93037,COLORADO SPRINGS MUNICIPAL AP,CO,EL PASO,34,51,38.81,-104.6883
2003-07-25 21:13:00 UTC,1059167580,93037,COLORADO SPRINGS MUNICIPAL AP,CO,EL PASO,32,41,38.81,-104.6883
2003-07-26 02:52:00 UTC,1059187920,24127,SALT LAKE CITY INTL AP,UT,SALT LAKE,26,42,40.7781,-111.9694
2003-07-27 02:20:00 UTC,1059272400,23194,WINSLOW MUNICIPAL AP,AZ,NAVAJO,28,41,35.0281,-110.7208
2003-07-29 12:51:00 UTC,1059483060,27502,BARROW W POST-W ROGERS AP,AK,NORTH SLOPE BOROUGH,29,40,71.2867,-156.7633
2003-07-29 12:52:00 UTC,1059483120,27502,BARROW W POST-W ROGERS AP,AK,NORTH SLOPE BOROUGH,34,41,71.2867,-156.7633
2003-07-29 12:55:00 UTC,1059483300,27502,BARROW W POST-W ROGERS AP,AK,NORTH SLOPE BOROUGH,34,41,71.2867,-156.7633
2003-07-29 13:04:00 UTC,1059483840,27502,BARROW W POST-W ROGERS AP,AK,NORTH SLOPE BOROUGH,32,43,71.2867,-156.7633
2003-07-29 13:07:00 UTC,1059484020,27502,BARROW W POST-W ROGERS AP,AK,NORTH SLOPE BOROUGH,30,41,71.2867,-156.7633
2003-07-29 13:17:00 UTC,1059484620,27502,BARROW W POST-W ROGERS AP,AK,NORTH SLOPE BOROUGH,31,40,71.2867,-156.7633
2003-07-29 13:26:00 UTC,1059485160,27502,BARROW W POST-W ROGERS AP,AK,NORTH SLOPE BOROUGH,35,40,71.2867,-156.7633
2003-07-29 13:28:00 UTC,1059485280,27502,BARROW W POST-W ROGERS AP,AK,NORTH SLOPE BOROUGH,31,41,71.2867,-156.7633
2003-07-29 13:59:00 UTC,1059487140,27502,BARROW W POST-W ROGERS AP,AK,NORTH SLOPE BOROUGH,33,40,71.2867,-156.7633
2003-07-29 15:27:00 UTC,1059492420,27502,BARROW W POST-W ROGERS AP,AK,NORTH SLOPE BOROUGH,32,41,71.2867,-156.7633
2003-07-29 15:33:00 UTC,1059492780,27502,BARROW W POST-W ROGERS AP,AK,NORTH SLOPE BOROUGH,33,40,71.2867,-156.7633
2003-07-29 16:12:00 UTC,1059495120,27502,BARROW W POST-W ROGERS AP,AK,NORTH SLOPE BOROUGH,31,45,71.2867,-156.7633
2003-07-29 16:18:00 UTC,1059495480,27502,BARROW W POST-W ROGERS AP,AK,NORTH SLOPE BOROUGH,30,40,71.2867,-156.7633
2003-07-29 16:20:00 UTC,1059495600,27502,BARROW W POST-W ROGERS AP,AK,NORTH SLOPE BOROUGH,33,43,71.2867,-156.7633
2003-07-29 16:21:00 UTC,1059495660,27502,BARROW W POST-W ROGERS AP,AK,NORTH SLOPE BOROUGH,36,41,71.2867,-156.7633
2003-07-29 16:36:00 UTC,1059496560,27502,BARROW W POST-W ROGERS AP,AK,NORTH SLOPE BOROUGH,31,40,71.2867,-156.7633
2003-07-29 16:51:00 UTC,1059497460,27502,BARROW W POST-W ROGERS AP,AK,NORTH SLOPE BOROUGH,30,43,71.2867,-156.7633
2003-07-29 16:54:00 UTC,1059497640,27502,BARROW W POST-W ROGERS AP,AK,NORTH SLOPE BOROUGH,32,42,71.2867,-156.7633
2003-07-29 16:56:00 UTC,1059497760,27502,BARROW W POST-W ROGERS AP,AK,NORTH SLOPE BOROUGH,33,44,71.2867,-156.7633
2003-07-29 16:57:00 UTC,1059497820,27502,BARROW W POST-W ROGERS AP,AK,NORTH SLOPE BOROUGH,33,41,71.2867,-156.7633
2003-07-29 16:58:00 UTC,1059497880,27502,BARROW W POST-W ROGERS AP,AK,NORTH SLOPE BOROUGH,33,40,71.2867,-156.7633
2003-07-29 17:00:00 UTC,1059498000,27502,BARROW W POST-W ROGERS AP,AK,NORTH SLOPE BOROUGH,31,42,71.2867,-156.7633
2003-07-29 17:01:00 UTC,1059498060,27502,BARROW W POST-W ROGERS AP,AK,NORTH SLOPE BOROUGH,32,41,71.2867,-156.7633
2003-07-29 17:02:00 UTC,1059498120,27502,BARROW W POST-W ROGERS AP,AK,NORTH SLOPE BOROUGH,32,41,71.2867,-156.7633
2003-07-29 17:03:00 UTC,1059498180,27502,BARROW W POST-W ROGERS AP,AK,NORTH SLOPE BOROUGH,34,46,71.2867,-156.7633
2003-07-29 17:06:00 UTC,1059498360,27502,BARROW W POST-W ROGERS AP,AK,NORTH SLOPE BOROUGH,32,41,71.2867,-156.7633
2003-07-29 17:07:00 UTC,1059498420,27502,BARROW W POST-W ROGERS AP,AK,NORTH SLOPE BOROUGH,34,42,71.2867,-156.7633
2003-07-29 17:10:00 UTC,1059498600,27502,BARROW W POST-W ROGERS AP,AK,NORTH SLOPE BOROUGH,33,40,71.2867,-156.7633
2003-07-29 17:11:00 UTC,1059498660,27502,BARROW W POST-W ROGERS AP,AK,NORTH SLOPE BOROUGH,34,40,71.2867,-156.7633
2003-07-29 17:12:00 UTC,1059498720,27502,BARROW W POST-W ROGERS AP,AK,NORTH SLOPE BOROUGH,34,43,71.2867,-156.7633
2003-07-29 17:13:00 UTC,1059498780,27502,BARROW W POST-W ROGERS AP,AK,NORTH SLOPE BOROUGH,34,44,71.2867,-156.7633
2003-07-29 17:16:00 UTC,1059498960,27502,BARROW W POST-W ROGERS AP,AK,NORTH SLOPE BOROUGH,32,43,71.2867,-156.7633
2003-07-29 17:17:00 UTC,1059499020,27502,BARROW W POST-W ROGERS AP,AK,NORTH SLOPE BOROUGH,32,41,71.2867,-156.7633
2003-07-29 17:18:00 UTC,1059499080,27502,BARROW W POST-W ROGERS AP,AK,NORTH SLOPE BOROUGH,32,46,71.2867,-156.7633
2003-07-29 17:19:00 UTC,1059499140,27502,BARROW W POST-W ROGERS AP,AK,NORTH SLOPE BOROUGH,35,45,71.2867,-156.7633
2003-07-29 17:20:00 UTC,1059499200,27502,BARROW W POST-W ROGERS AP,AK,NORTH SLOPE BOROUGH,36,44,71.2867,-156.7633
2003-07-29 17:22:00 UTC,1059499320,27502,BARROW W POST-W ROGERS AP,AK,NORTH SLOPE BOROUGH,32,40,71.2867,-156.7633
2003-07-29 17:23:00 UTC,1059499380,27502,BARROW W POST-W ROGERS AP,AK,NORTH SLOPE BOROUGH,34,47,71.2867,-156.7633
2003-07-29 17:27:00 UTC,1059499620,27502,BARROW W POST-W ROGERS AP,AK,NORTH SLOPE BOROUGH,33,40,71.2867,-156.7633
2003-07-29 17:29:00 UTC,1059499740,27502,BARROW W POST-W ROGERS AP,AK,NORTH SLOPE BOROUGH,35,43,71.2867,-156.7633
2003-07-29 17:32:00 UTC,1059499920,27502,BARROW W POST-W ROGERS AP,AK,NORTH SLOPE BOROUGH,35,43,71.2867,-156.7633
2003-07-29 17:33:00 UTC,1059499980,27502,BARROW W POST-W ROGERS AP,AK,NORTH SLOPE BOROUGH,37,41,71.2867,-156.7633
2003-07-29 17:34:00 UTC,1059500040,27502,BARROW W POST-W ROGERS AP,AK,NORTH SLOPE BOROUGH,36,43,71.2867,-156.7633
2003-07-29 17:35:00 UTC,1059500100,27502,BARROW W POST-W ROGERS AP,AK,NORTH SLOPE BOROUGH,35,42,71.2867,-156.7633
2003-07-29 17:36:00 UTC,1059500160,27502,BARROW W POST-W ROGERS AP,AK,NORTH SLOPE BOROUGH,35,44,71.2867,-156.7633
2003-07-29 17:40:00 UTC,1059500400,27502,BARROW W POST-W ROGERS AP,AK,NORTH SLOPE BOROUGH,31,46,71.2867,-156.7633
2003-07-29 17:41:00 UTC,1059500460,27502,BARROW W POST-W ROGERS AP,AK,NORTH SLOPE BOROUGH,36,41,71.2867,-156.7633
2003-07-29 17:42:00 UTC,1059500520,27502,BARROW W POST-W ROGERS AP,AK,NORTH SLOPE BOROUGH,36,42,71.2867,-156.7633
2003-07-29 17:43:00 UTC,1059500580,27502,BARROW W POST-W ROGERS AP,AK,NORTH SLOPE BOROUGH,36,42,71.2867,-156.7633
2003-07-29 17:45:00 UTC,1059500700,27502,BARROW W POST-W ROGERS AP,AK,NORTH SLOPE BOROUGH,35,44,71.2867,-156.7633
2003-07-29 17:46:00 UTC,1059500760,27502,BARROW W POST-W ROGERS AP,AK,NORTH SLOPE BOROUGH,36,43,71.2867,-156.7633
2003-07-29 17:47:00 UTC,1059500820,27502,BARROW W POST-W ROGERS AP,AK,NORTH SLOPE BOROUGH,34,40,71.2867,-156.7633
2003-07-29 17:52:00 UTC,1059501120,27502,BARROW W POST-W ROGERS AP,AK,NORTH SLOPE BOROUGH,33,43,71.2867,-156.7633
2003-07-29 17:53:00 UTC,1059501180,27502,BARROW W POST-W ROGERS AP,AK,NORTH SLOPE BOROUGH,34,42,71.2867,-156.7633
2003-07-29 17:55:00 UTC,1059501300,27502,BARROW W POST-W ROGERS AP,AK,NORTH SLOPE BOROUGH,32,42,71.2867,-156.7633
2003-07-29 17:56:00 UTC,1059501360,27502,BARROW W POST-W ROGERS AP,AK,NORTH SLOPE BOROUGH,34,40,71.2867,-156.7633
2003-07-29 17:58:00 UTC,1059501480,27502,BARROW W POST-W ROGERS AP,AK,NORTH SLOPE BOROUGH,35,45,71.2867,-156.7633
2003-07-29 17:59:00 UTC,1059501540,27502,BARROW W POST-W ROGERS AP,AK,NORTH SLOPE BOROUGH,38,46,71.2867,-156.7633
2003-07-29 18:00:00 UTC,1059501600,27502,BARROW W POST-W ROGERS AP,AK,NORTH SLOPE BOROUGH,36,40,71.2867,-156.7633
2003-07-29 18:01:00 UTC,1059501660,27502,BARROW W POST-W ROGERS AP,AK,NORTH SLOPE BOROUGH,35,42,71.2867,-156.7633
2003-07-29 18:02:00 UTC,1059501720,27502,BARROW W POST-W ROGERS AP,AK,NORTH SLOPE BOROUGH,39,50,71.2867,-156.7633
2003-07-29 18:03:00 UTC,1059501780,27502,BARROW W POST-W ROGERS AP,AK,NORTH SLOPE BOROUGH,40,47,71.2867,-156.7633
2003-07-29 18:04:00 UTC,1059501840,27502,BARROW W POST-W ROGERS AP,AK,NORTH SLOPE BOROUGH,37,43,71.2867,-156.7633
2003-07-29 18:05:00 UTC,1059501900,27502,BARROW W POST-W ROGERS AP,AK,NORTH SLOPE BOROUGH,37,45,71.2867,-156.7633
2003-07-29 18:06:00 UTC,1059501960,27502,BARROW W POST-W ROGERS AP,AK,NORTH SLOPE BOROUGH,38,49,71.2867,-156.7633
2003-07-29 18:07:00 UTC,1059502020,27502,BARROW W POST-W ROGERS AP,AK,NORTH SLOPE BOROUGH,38,42,71.2867,-156.7633
2003-07-29 18:08:00 UTC,1059502080,27502,BARROW W POST-W ROGERS AP,AK,NORTH SLOPE BOROUGH,35,42,71.2867,-156.7633
2003-07-29 18:09:00 UTC,1059502140,27502,BARROW W POST-W ROGERS AP,AK,NORTH SLOPE BOROUGH,34,41,71.2867,-156.7633
2003-07-29 18:10:00 UTC,1059502200,27502,BARROW W POST-W ROGERS AP,AK,NORTH SLOPE BOROUGH,32,43,71.2867,-156.7633
2003-07-29 18:12:00 UTC,1059502320,27502,BARROW W POST-W ROGERS AP,AK,NORTH SLOPE BOROUGH,32,44,71.2867,-156.7633
2003-07-29 18:13:00 UTC,1059502380,27502,BARROW W POST-W ROGERS AP,AK,NORTH SLOPE BOROUGH,37,50,71.2867,-156.7633
2003-07-29 18:14:00 UTC,1059502440,27502,BARROW W POST-W ROGERS AP,AK,NORTH SLOPE BOROUGH,40,48,71.2867,-156.7633
2003-07-29 18:15:00 UTC,1059502500,27502,BARROW W POST-W ROGERS AP,AK,NORTH SLOPE BOROUGH,37,42,71.2867,-156.7633
2003-07-29 18:16:00 UTC,1059502560,27502,BARROW W POST-W ROGERS AP,AK,NORTH SLOPE BOROUGH,37,44,71.2867,-156.7633
2003-07-29 18:17:00 UTC,1059502620,27502,BARROW W POST-W ROGERS AP,AK,NORTH SLOPE BOROUGH,37,44,71.2867,-156.7633
2003-07-29 18:18:00 UTC,1059502680,27502,BARROW W POST-W ROGERS AP,AK,NORTH SLOPE BOROUGH,36,43,71.2867,-156.7633
2003-07-29 18:22:00 UTC,1059502920,27502,BARROW W POST-W ROGERS AP,AK,NORTH SLOPE BOROUGH,32,43,71.2867,-156.7633
2003-07-29 18:23:00 UTC,1059502980,27502,BARROW W POST-W ROGERS AP,AK,NORTH SLOPE BOROUGH,35,43,71.2867,-156.7633
2003-07-29 18:24:00 UTC,1059503040,27502,BARROW W POST-W ROGERS AP,AK,NORTH SLOPE BOROUGH,35,48,71.2867,-156.7633
2003-07-29 18:25:00 UTC,1059503100,27502,BARROW W POST-W ROGERS AP,AK,NORTH SLOPE BOROUGH,36,47,71.2867,-156.7633
2003-07-29 18:26:00 UTC,1059503160,27502,BARROW W POST-W ROGERS AP,AK,NORTH SLOPE BOROUGH,38,46,71.2867,-156.7633
2003-07-29 18:27:00 UTC,1059503220,27502,BARROW W POST-W ROGERS AP,AK,NORTH SLOPE BOROUGH,37,44,71.2867,-156.7633
2003-07-29 18:28:00 UTC,1059503280,27502,BARROW W POST-W ROGERS AP,AK,NORTH SLOPE BOROUGH,37,46,71.2867,-156.7633
2003-07-29 18:29:00 UTC,1059503340,27502,BARROW W POST-W ROGERS AP,AK,NORTH SLOPE BOROUGH,40,49,71.2867,-156.7633
2003-07-29 18:30:00 UTC,1059503400,27502,BARROW W POST-W ROGERS AP,AK,NORTH SLOPE BOROUGH,37,40,71.2867,-156.7633
2003-07-29 18:31:00 UTC,1059503460,27502,BARROW W POST-W ROGERS AP,AK,NORTH SLOPE BOROUGH,36,45,71.2867,-156.7633
2003-07-29 18:33:00 UTC,1059503580,27502,BARROW W POST-W ROGERS AP,AK,NORTH SLOPE BOROUGH,33,44,71.2867,-156.7633
2003-07-29 18:34:00 UTC,1059503640,27502,BARROW W POST-W ROGERS AP,AK,NORTH SLOPE BOROUGH,36,44,71.2867,-156.7633
2003-07-29 18:35:00 UTC,1059503700,27502,BARROW W POST-W ROGERS AP,AK,NORTH SLOPE BOROUGH,36,43,71.2867,-156.7633
2003-07-29 18:36:00 UTC,1059503760,27502,BARROW W POST-W ROGERS AP,AK,NORTH SLOPE BOROUGH,35,43,71.2867,-156.7633
2003-07-29 18:37:00 UTC,1059503820,27502,BARROW W POST-W ROGERS AP,AK,NORTH SLOPE BOROUGH,36,43,71.2867,-156.7633
2003-07-29 18:38:00 UTC,1059503880,27502,BARROW W POST-W ROGERS AP,AK,NORTH SLOPE BOROUGH,35,44,71.2867,-156.7633
2003-07-29 18:39:00 UTC,1059503940,27502,BARROW W POST-W ROGERS AP,AK,NORTH SLOPE BOROUGH,35,40,71.2867,-156.7633
2003-07-29 18:40:00 UTC,1059504000,27502,BARROW W POST-W ROGERS AP,AK,NORTH SLOPE BOROUGH,34,40,71.2867,-156.7633
2003-07-29 18:41:00 UTC,1059504060,27502,BARROW W POST-W ROGERS AP,AK,NORTH SLOPE BOROUGH,35,43,71.2867,-156.7633
2003-07-29 18:42:00 UTC,1059504120,27502,BARROW W POST-W ROGERS AP,AK,NORTH SLOPE BOROUGH,36,42,71.2867,-156.7633
2003-07-29 18:43:00 UTC,1059504180,27502,BARROW W POST-W ROGERS AP,AK,NORTH SLOPE BOROUGH,36,41,71.2867,-156.7633
2003-07-29 18:44:00 UTC,1059504240,27502,BARROW W POST-W ROGERS AP,AK,NORTH SLOPE BOROUGH,35,42,71.2867,-156.7633
2003-07-29 18:45:00 UTC,1059504300,27502,BARROW W POST-W ROGERS AP,AK,NORTH SLOPE BOROUGH,34,41,71.2867,-156.7633
2003-07-29 18:46:00 UTC,1059504360,27502,BARROW W POST-W ROGERS AP,AK,NORTH SLOPE BOROUGH,34,42,71.2867,-156.7633
2003-07-29 18:47:00 UTC,1059504420,27502,BARROW W POST-W ROGERS AP,AK,NORTH SLOPE BOROUGH,35,44,71.2867,-156.7633
2003-07-29 18:48:00 UTC,1059504480,27502,BARROW W POST-W ROGERS AP,AK,NORTH SLOPE BOROUGH,36,45,71.2867,-156.7633
2003-07-29 18:49:00 UTC,1059504540,27502,BARROW W POST-W ROGERS AP,AK,NORTH SLOPE BOROUGH,36,43,71.2867,-156.7633
2003-07-29 18:50:00 UTC,1059504600,27502,BARROW W POST-W ROGERS AP,AK,NORTH SLOPE BOROUGH,34,40,71.2867,-156.7633
2003-07-29 18:51:00 UTC,1059504660,27502,BARROW W POST-W ROGERS AP,AK,NORTH SLOPE BOROUGH,35,44,71.2867,-156.7633
2003-07-29 18:52:00 UTC,1059504720,27502,BARROW W POST-W ROGERS AP,AK,NORTH SLOPE BOROUGH,35,41,71.2867,-156.7633
2003-07-29 18:53:00 UTC,1059504780,27502,BARROW W POST-W ROGERS AP,AK,NORTH SLOPE BOROUGH,35,43,71.2867,-156.7633
2003-07-29 18:54:00 UTC,1059504840,27502,BARROW W POST-W ROGERS AP,AK,NORTH SLOPE BOROUGH,36,45,71.2867,-156.7633
2003-07-29 18:55:00 UTC,1059504900,27502,BARROW W POST-W ROGERS AP,AK,NORTH SLOPE BOROUGH,35,43,71.2867,-156.7633
2003-07-29 18:56:00 UTC,1059504960,27502,BARROW W POST-W ROGERS AP,AK,NORTH SLOPE BOROUGH,37,46,71.2867,-156.7633
2003-07-29 18:57:00 UTC,1059505020,27502,BARROW W POST-W ROGERS AP,AK,NORTH SLOPE BOROUGH,39,46,71.2867,-156.7633
2003-07-29 18:58:00 UTC,1059505080,27502,BARROW W POST-W ROGERS AP,AK,NORTH SLOPE BOROUGH,38,44,71.2867,-156.7633
2003-07-29 18:59:00 UTC,1059505140,27502,BARROW W POST-W ROGERS AP,AK,NORTH SLOPE BOROUGH,37,47,71.2867,-156.7633
2003-07-29 19:00:00 UTC,1059505200,27502,BARROW W POST-W ROGERS AP,AK,NORTH SLOPE BOROUGH,33,41,71.2867,-156.7633
2003-07-29 19:01:00 UTC,1059505260,27502,BARROW W POST-W ROGERS AP,AK,NORTH SLOPE BOROUGH,32,41,71.2867,-156.7633
2003-07-29 19:02:00 UTC,1059505320,27502,BARROW W POST-W ROGERS AP,AK,NORTH SLOPE BOROUGH,36,45,71.2867,-156.7633
2003-07-29 19:03:00 UTC,1059505380,27502,BARROW W POST-W ROGERS AP,AK,NORTH SLOPE BOROUGH,36,40,71.2867,-156.7633
2003-07-29 19:04:00 UTC,1059505440,27502,BARROW W POST-W ROGERS AP,AK,NORTH SLOPE BOROUGH,36,45,71.2867,-156.7633
2003-07-29 19:06:00 UTC,1059505560,27502,BARROW W POST-W ROGERS AP,AK,NORTH SLOPE BOROUGH,35,44,71.2867,-156.7633
2003-07-29 19:07:00 UTC,1059505620,27502,BARROW W POST-W ROGERS AP,AK,NORTH SLOPE BOROUGH,35,41,71.2867,-156.7633
2003-07-29 19:08:00 UTC,1059505680,27502,BARROW W POST-W ROGERS AP,AK,NORTH SLOPE BOROUGH,37,46,71.2867,-156.7633
2003-07-29 19:09:00 UTC,1059505740,27502,BARROW W POST-W ROGERS AP,AK,NORTH SLOPE BOROUGH,39,44,71.2867,-156.7633
2003-07-29 19:10:00 UTC,1059505800,27502,BARROW W POST-W ROGERS AP,AK,NORTH SLOPE BOROUGH,38,45,71.2867,-156.7633
2003-07-29 19:11:00 UTC,1059505860,27502,BARROW W POST-W ROGERS AP,AK,NORTH SLOPE BOROUGH,38,44,71.2867,-156.7633
2003-07-29 19:12:00 UTC,1059505920,27502,BARROW W POST-W ROGERS AP,AK,NORTH SLOPE BOROUGH,37,43,71.2867,-156.7633
2003-07-29 19:13:00 UTC,1059505980,27502,BARROW W POST-W ROGERS AP,AK,NORTH SLOPE BOROUGH,34,41,71.2867,-156.7633
2003-07-29 19:14:00 UTC,1059506040,27502,BARROW W POST-W ROGERS AP,AK,NORTH SLOPE BOROUGH,34,41,71.2867,-156.7633
2003-07-29 19:15:00 UTC,1059506100,27502,BARROW W POST-W ROGERS AP,AK,NORTH SLOPE BOROUGH,34,42,71.2867,-156.7633
2003-07-29 19:16:00 UTC,1059506160,27502,BARROW W POST-W ROGERS AP,AK,NORTH SLOPE BOROUGH,34,42,71.2867,-156.7633
2003-07-29 19:17:00 UTC,1059506220,27502,BARROW W POST-W ROGERS AP,AK,NORTH SLOPE BOROUGH,35,42,71.2867,-156.7633
2003-07-29 19:18:00 UTC,1059506280,27502,BARROW W POST-W ROGERS AP,AK,NORTH SLOPE BOROUGH,35,44,71.2867,-156.7633
2003-07-29 19:19:00 UTC,1059506340,27502,BARROW W POST-W ROGERS AP,AK,NORTH SLOPE BOROUGH,37,45,71.2867,-156.7633
2003-07-29 19:20:00 UTC,1059506400,27502,BARROW W POST-W ROGERS AP,AK,NORTH SLOPE BOROUGH,36,41,71.2867,-156.7633
2003-07-29 19:21:00 UTC,1059506460,27502,BARROW W POST-W ROGERS AP,AK,NORTH SLOPE BOROUGH,33,42,71.2867,-156.7633
2003-07-29 19:22:00 UTC,1059506520,27502,BARROW W POST-W ROGERS AP,AK,NORTH SLOPE BOROUGH,33,43,71.2867,-156.7633
2003-07-29 19:23:00 UTC,1059506580,27502,BARROW W POST-W ROGERS AP,AK,NORTH SLOPE BOROUGH,35,43,71.2867,-156.7633
2003-07-29 19:24:00 UTC,1059506640,27502,BARROW W POST-W ROGERS AP,AK,NORTH SLOPE BOROUGH,35,44,71.2867,-156.7633
2003-07-29 19:25:00 UTC,1059506700,27502,BARROW W POST-W ROGERS AP,AK,NORTH SLOPE BOROUGH,36,43,71.2867,-156.7633
2003-07-29 19:26:00 UTC,1059506760,27502,BARROW W POST-W ROGERS AP,AK,NORTH SLOPE BOROUGH,37,43,71.2867,-156.7633
2003-07-29 19:27:00 UTC,1059506820,27502,BARROW W POST-W ROGERS AP,AK,NORTH SLOPE BOROUGH,37,46,71.2867,-156.7633
2003-07-29 19:28:00 UTC,1059506880,27502,BARROW W POST-W ROGERS AP,AK,NORTH SLOPE BOROUGH,35,41,71.2867,-156.7633
2003-07-29 19:30:00 UTC,1059507000,27502,BARROW W POST-W ROGERS AP,AK,NORTH SLOPE BOROUGH,33,44,71.2867,-156.7633
2003-07-29 19:31:00 UTC,1059507060,27502,BARROW W POST-W ROGERS AP,AK,NORTH SLOPE BOROUGH,37,47,71.2867,-156.7633
2003-07-29 19:32:00 UTC,1059507120,27502,BARROW W POST-W ROGERS AP,AK,NORTH SLOPE BOROUGH,36,43,71.2867,-156.7633
2003-07-29 19:33:00 UTC,1059507180,27502,BARROW W POST-W ROGERS AP,AK,NORTH SLOPE BOROUGH,34,41,71.2867,-156.7633
2003-07-29 19:34:00 UTC,1059507240,27502,BARROW W POST-W ROGERS AP,AK,NORTH SLOPE BOROUGH,36,47,71.2867,-156.7633
2003-07-29 19:35:00 UTC,1059507300,27502,BARROW W POST-W ROGERS AP,AK,NORTH SLOPE BOROUGH,39,47,71.2867,-156.7633
2003-07-29 19:36:00 UTC,1059507360,27502,BARROW W POST-W ROGERS AP,AK,NORTH SLOPE BOROUGH,37,43,71.2867,-156.7633
2003-07-29 19:38:00 UTC,1059507480,27502,BARROW W POST-W ROGERS AP,AK,NORTH SLOPE BOROUGH,32,41,71.2867,-156.7633
2003-07-29 19:39:00 UTC,1059507540,27502,BARROW W POST-W ROGERS AP,AK,NORTH SLOPE BOROUGH,33,45,71.2867,-156.7633
2003-07-29 19:40:00 UTC,1059507600,27502,BARROW W POST-W ROGERS AP,AK,NORTH SLOPE BOROUGH,35,44,71.2867,-156.7633
2003-07-29 19:42:00 UTC,1059507720,27502,BARROW W POST-W ROGERS AP,AK,NORTH SLOPE BOROUGH,34,41,71.2867,-156.7633
2003-07-29 19:43:00 UTC,1059507780,27502,BARROW W POST-W ROGERS AP,AK,NORTH SLOPE BOROUGH,33,42,71.2867,-156.7633
2003-07-29 19:47:00 UTC,1059508020,27502,BARROW W POST-W ROGERS AP,AK,NORTH SLOPE BOROUGH,30,42,71.2867,-156.7633
2003-07-29 19:49:00 UTC,1059508140,27502,BARROW W POST-W ROGERS AP,AK,NORTH SLOPE BOROUGH,32,41,71.2867,-156.7633
2003-07-29 19:50:00 UTC,1059508200,27502,BARROW W POST-W ROGERS AP,AK,NORTH SLOPE BOROUGH,35,43,71.2867,-156.7633
2003-07-29 19:51:00 UTC,1059508260,27502,BARROW W POST-W ROGERS AP,AK,NORTH SLOPE BOROUGH,36,44,71.2867,-156.7633
2003-07-29 19:52:00 UTC,1059508320,27502,BARROW W POST-W ROGERS AP,AK,NORTH SLOPE BOROUGH,34,40,71.2867,-156.7633
2003-07-29 19:53:00 UTC,1059508380,27502,BARROW W POST-W ROGERS AP,AK,NORTH SLOPE BOROUGH,33,41,71.2867,-156.7633
2003-07-29 19:55:00 UTC,1059508500,27502,BARROW W POST-W ROGERS AP,AK,NORTH SLOPE BOROUGH,30,40,71.2867,-156.7633
2003-07-29 19:56:00 UTC,1059508560,27502,BARROW W POST-W ROGERS AP,AK,NORTH SLOPE BOROUGH,31,41,71.2867,-156.7633
2003-07-29 19:57:00 UTC,1059508620,27502,BARROW W POST-W ROGERS AP,AK,NORTH SLOPE BOROUGH,33,42,71.2867,-156.7633
2003-07-29 19:58:00 UTC,1059508680,27502,BARROW W POST-W ROGERS AP,AK,NORTH SLOPE BOROUGH,34,42,71.2867,-156.7633
2003-07-29 19:59:00 UTC,1059508740,27502,BARROW W POST-W ROGERS AP,AK,NORTH SLOPE BOROUGH,34,41,71.2867,-156.7633
2003-07-29 20:00:00 UTC,1059508800,27502,BARROW W POST-W ROGERS AP,AK,NORTH SLOPE BOROUGH,35,44,71.2867,-156.7633
2003-07-29 20:01:00 UTC,1059508860,27502,BARROW W POST-W ROGERS AP,AK,NORTH SLOPE BOROUGH,35,43,71.2867,-156.7633
2003-07-29 20:02:00 UTC,1059508920,27502,BARROW W POST-W ROGERS AP,AK,NORTH SLOPE BOROUGH,34,41,71.2867,-156.7633
2003-07-29 20:03:00 UTC,1059508980,27502,BARROW W POST-W ROGERS AP,AK,NORTH SLOPE BOROUGH,34,40,71.2867,-156.7633
2003-07-29 20:06:00 UTC,1059509160,27502,BARROW W POST-W ROGERS AP,AK,NORTH SLOPE BOROUGH,32,44,71.2867,-156.7633
2003-07-29 20:07:00 UTC,1059509220,27502,BARROW W POST-W ROGERS AP,AK,NORTH SLOPE BOROUGH,35,43,71.2867,-156.7633
2003-07-29 20:08:00 UTC,1059509280,27502,BARROW W POST-W ROGERS AP,AK,NORTH SLOPE BOROUGH,37,47,71.2867,-156.7633
2003-07-29 20:09:00 UTC,1059509340,27502,BARROW W POST-W ROGERS AP,AK,NORTH SLOPE BOROUGH,37,44,71.2867,-156.7633
2003-07-29 20:10:00 UTC,1059509400,27502,BARROW W POST-W ROGERS AP,AK,NORTH SLOPE BOROUGH,35,44,71.2867,-156.7633
2003-07-29 20:11:00 UTC,1059509460,27502,BARROW W POST-W ROGERS AP,AK,NORTH SLOPE BOROUGH,33,40,71.2867,-156.7633
2003-07-29 20:12:00 UTC,1059509520,27502,BARROW W POST-W ROGERS AP,AK,NORTH SLOPE BOROUGH,33,42,71.2867,-156.7633
2003-07-29 20:14:00 UTC,1059509640,27502,BARROW W POST-W ROGERS AP,AK,NORTH SLOPE BOROUGH,33,41,71.2867,-156.7633
2003-07-29 20:18:00 UTC,1059509880,27502,BARROW W POST-W ROGERS AP,AK,NORTH SLOPE BOROUGH,33,42,71.2867,-156.7633
2003-07-29 20:19:00 UTC,1059509940,27502,BARROW W POST-W ROGERS AP,AK,NORTH SLOPE BOROUGH,37,44,71.2867,-156.7633
2003-07-29 20:20:00 UTC,1059510000,27502,BARROW W POST-W ROGERS AP,AK,NORTH SLOPE BOROUGH,35,41,71.2867,-156.7633
2003-07-29 20:21:00 UTC,1059510060,27502,BARROW W POST-W ROGERS AP,AK,NORTH SLOPE BOROUGH,33,40,71.2867,-156.7633
2003-07-29 20:22:00 UTC,1059510120,27502,BARROW W POST-W ROGERS AP,AK,NORTH SLOPE BOROUGH,33,43,71.2867,-156.7633
2003-07-29 20:23:00 UTC,1059510180,27502,BARROW W POST-W ROGERS AP,AK,NORTH SLOPE BOROUGH,35,42,71.2867,-156.7633
2003-07-29 20:24:00 UTC,1059510240,27502,BARROW W POST-W ROGERS AP,AK,NORTH SLOPE BOROUGH,35,41,71.2867,-156.7633
2003-07-29 20:25:00 UTC,1059510300,27502,BARROW W POST-W ROGERS AP,AK,NORTH SLOPE BOROUGH,34,40,71.2867,-156.7633
2003-07-29 20:26:00 UTC,1059510360,27502,BARROW W POST-W ROGERS AP,AK,NORTH SLOPE BOROUGH,36,43,71.2867,-156.7633
2003-07-29 20:27:00 UTC,1059510420,27502,BARROW W POST-W ROGERS AP,AK,NORTH SLOPE BOROUGH,35,42,71.2867,-156.7633
2003-07-29 20:30:00 UTC,1059510600,27502,BARROW W POST-W ROGERS AP,AK,NORTH SLOPE BOROUGH,31,41,71.2867,-156.7633
2003-07-29 20:31:00 UTC,1059510660,27502,BARROW W POST-W ROGERS AP,AK,NORTH SLOPE BOROUGH,35,44,71.2867,-156.7633
2003-07-29 20:32:00 UTC,1059510720,27502,BARROW W POST-W ROGERS AP,AK,NORTH SLOPE BOROUGH,37,44,71.2867,-156.7633
2003-07-29 20:33:00 UTC,1059510780,27502,BARROW W POST-W ROGERS AP,AK,NORTH SLOPE BOROUGH,36,43,71.2867,-156.7633
2003-07-29 20:34:00 UTC,1059510840,27502,BARROW W POST-W ROGERS AP,AK,NORTH SLOPE BOROUGH,37,44,71.2867,-156.7633
2003-07-29 20:35:00 UTC,1059510900,27502,BARROW W POST-W ROGERS AP,AK,NORTH SLOPE BOROUGH,36,40,71.2867,-156.7633
2003-07-29 20:36:00 UTC,1059510960,27502,BARROW W POST-W ROGERS AP,AK,NORTH SLOPE BOROUGH,32,42,71.2867,-156.7633
2003-07-29 20:37:00 UTC,1059511020,27502,BARROW W POST-W ROGERS AP,AK,NORTH SLOPE BOROUGH,31,42,71.2867,-156.7633
2003-07-29 20:40:00 UTC,1059511200,27502,BARROW W POST-W ROGERS AP,AK,NORTH SLOPE BOROUGH,32,43,71.2867,-156.7633
2003-07-29 20:41:00 UTC,1059511260,27502,BARROW W POST-W ROGERS AP,AK,NORTH SLOPE BOROUGH,34,40,71.2867,-156.7633
2003-07-29 20:48:00 UTC,1059511680,27502,BARROW W POST-W ROGERS AP,AK,NORTH SLOPE BOROUGH,32,40,71.2867,-156.7633
2003-07-29 20:51:00 UTC,1059511860,27502,BARROW W POST-W ROGERS AP,AK,NORTH SLOPE BOROUGH,31,42,71.2867,-156.7633
2003-07-29 20:54:00 UTC,1059512040,27502,BARROW W POST-W ROGERS AP,AK,NORTH SLOPE BOROUGH,30,40,71.2867,-156.7633
2003-07-29 20:55:00 UTC,1059512100,27502,BARROW W POST-W ROGERS AP,AK,NORTH SLOPE BOROUGH,33,40,71.2867,-156.7633
2003-07-29 20:57:00 UTC,1059512220,27502,BARROW W POST-W ROGERS AP,AK,NORTH SLOPE BOROUGH,33,40,71.2867,-156.7633
2003-07-29 20:59:00 UTC,1059512340,27502,BARROW W POST-W ROGERS AP,AK,NORTH SLOPE BOROUGH,31,42,71.2867,-156.7633
2003-07-29 21:01:00 UTC,1059512460,27502,BARROW W POST-W ROGERS AP,AK,NORTH SLOPE BOROUGH,34,43,71.2867,-156.7633
2003-07-29 21:02:00 UTC,1059512520,27502,BARROW W POST-W ROGERS AP,AK,NORTH SLOPE BOROUGH,35,43,71.2867,-156.7633
2003-07-29 21:03:00 UTC,1059512580,27502,BARROW W POST-W ROGERS AP,AK,NORTH SLOPE BOROUGH,32,40,71.2867,-156.7633
2003-07-29 21:04:00 UTC,1059512640,27502,BARROW W POST-W ROGERS AP,AK,NORTH SLOPE BOROUGH,32,43,71.2867,-156.7633
2003-07-29 21:06:00 UTC,1059512760,27502,BARROW W POST-W ROGERS AP,AK,NORTH SLOPE BOROUGH,31,40,71.2867,-156.7633
2003-07-29 21:07:00 UTC,1059512820,27502,BARROW W POST-W ROGERS AP,AK,NORTH SLOPE BOROUGH,33,42,71.2867,-156.7633
2003-07-29 21:08:00 UTC,1059512880,24032,VALENTINE MILLER FIELD,NE,CHERRY,30,43,42.8783,-100.55
2003-07-29 21:09:00 UTC,1059512940,24032,VALENTINE MILLER FIELD,NE,CHERRY,33,42,42.8783,-100.55
2003-07-29 21:09:00 UTC,1059512940,27502,BARROW W POST-W ROGERS AP,AK,NORTH SLOPE BOROUGH,33,41,71.2867,-156.7633
2003-07-29 21:10:00 UTC,1059513000,27502,BARROW W POST-W ROGERS AP,AK,NORTH SLOPE BOROUGH,33,42,71.2867,-156.7633
2003-07-29 21:11:00 UTC,1059513060,27502,BARROW W POST-W ROGERS AP,AK,NORTH SLOPE BOROUGH,34,44,71.2867,-156.7633
2003-07-29 21:14:00 UTC,1059513240,27502,BARROW W POST-W ROGERS AP,AK,NORTH SLOPE BOROUGH,32,40,71.2867,-156.7633
2003-07-29 21:15:00 UTC,1059513300,27502,BARROW W POST-W ROGERS AP,AK,NORTH SLOPE BOROUGH,34,41,71.2867,-156.7633
2003-07-29 21:16:00 UTC,1059513360,27502,BARROW W POST-W ROGERS AP,AK,NORTH SLOPE BOROUGH,33,40,71.2867,-156.7633
2003-07-29 21:17:00 UTC,1059513420,27502,BARROW W POST-W ROGERS AP,AK,NORTH SLOPE BOROUGH,34,42,71.2867,-156.7633
2003-07-29 21:22:00 UTC,1059513720,27502,BARROW W POST-W ROGERS AP,AK,NORTH SLOPE BOROUGH,34,41,71.2867,-156.7633
2003-07-29 21:23:00 UTC,1059513780,27502,BARROW W POST-W ROGERS AP,AK,NORTH SLOPE BOROUGH,33,40,71.2867,-156.7633
2003-07-29 21:24:00 UTC,1059513840,27502,BARROW W POST-W ROGERS AP,AK,NORTH SLOPE BOROUGH,32,42,71.2867,-156.7633
2003-07-29 21:25:00 UTC,1059513900,27502,BARROW W POST-W ROGERS AP,AK,NORTH SLOPE BOROUGH,34,41,71.2867,-156.7633
2003-07-29 21:26:00 UTC,1059513960,27502,BARROW W POST-W ROGERS AP,AK,NORTH SLOPE BOROUGH,35,42,71.2867,-156.7633
2003-07-29 21:27:00 UTC,1059514020,27502,BARROW W POST-W ROGERS AP,AK,NORTH SLOPE BOROUGH,35,41,71.2867,-156.7633
2003-07-29 21:30:00 UTC,1059514200,27502,BARROW W POST-W ROGERS AP,AK,NORTH SLOPE BOROUGH,32,43,71.2867,-156.7633
2003-07-29 21:32:00 UTC,1059514320,27502,BARROW W POST-W ROGERS AP,AK,NORTH SLOPE BOROUGH,33,40,71.2867,-156.7633
2003-07-29 21:33:00 UTC,1059514380,27502,BARROW W POST-W ROGERS AP,AK,NORTH SLOPE BOROUGH,34,41,71.2867,-156.7633
2003-07-29 21:42:00 UTC,1059514920,27502,BARROW W POST-W ROGERS AP,AK,NORTH SLOPE BOROUGH,30,40,71.2867,-156.7633
2003-07-29 21:43:00 UTC,1059514980,27502,BARROW W POST-W ROGERS AP,AK,NORTH SLOPE BOROUGH,32,40,71.2867,-156.7633
2003-07-29 21:45:00 UTC,1059515100,27502,BARROW W POST-W ROGERS AP,AK,NORTH SLOPE BOROUGH,34,41,71.2867,-156.7633
2003-07-29 21:48:00 UTC,1059515280,27502,BARROW W POST-W ROGERS AP,AK,NORTH SLOPE BOROUGH,29,40,71.2867,-156.7633
2003-07-29 21:52:00 UTC,1059515520,27502,BARROW W POST-W ROGERS AP,AK,NORTH SLOPE BOROUGH,31,40,71.2867,-156.7633
2003-07-29 21:55:00 UTC,1059515700,27502,BARROW W POST-W ROGERS AP,AK,NORTH SLOPE BOROUGH,32,42,71.2867,-156.7633
2003-07-29 21:56:00 UTC,1059515760,27502,BARROW W POST-W ROGERS AP,AK,NORTH SLOPE BOROUGH,32,41,71.2867,-156.7633
2003-07-29 22:03:00 UTC,1059516180,27502,BARROW W POST-W ROGERS AP,AK,NORTH SLOPE BOROUGH,33,43,71.2867,-156.7633
2003-07-29 22:04:00 UTC,1059516240,27502,BARROW W POST-W ROGERS AP,AK,NORTH SLOPE BOROUGH,35,42,71.2867,-156.7633
2003-07-29 22:10:00 UTC,1059516600,27502,BARROW W POST-W ROGERS AP,AK,NORTH SLOPE BOROUGH,35,41,71.2867,-156.7633
2003-07-29 22:16:00 UTC,1059516960,27502,BARROW W POST-W ROGERS AP,AK,NORTH SLOPE BOROUGH,29,40,71.2867,-156.7633
2003-07-29 22:26:00 UTC,1059517560,27502,BARROW W POST-W ROGERS AP,AK,NORTH SLOPE BOROUGH,31,40,71.2867,-156.7633
2003-07-29 22:29:00 UTC,1059517740,27502,BARROW W POST-W ROGERS AP,AK,NORTH SLOPE BOROUGH,32,40,71.2867,-156.7633
2003-07-29 23:24:00 UTC,1059521040,14944,SIOUX FALLS FOSS FIELD,SD,MINNEHAHA,29,40,43.5778,-96.7539
2003-07-29 23:26:00 UTC,1059521160,23160,TUCSON INTL AP,AZ,PIMA,30,44,32.1314,-110.9553
2003-07-29 23:27:00 UTC,1059521220,23160,TUCSON INTL AP,AZ,PIMA,35,45,32.1314,-110.9553
2003-07-29 23:33:00 UTC,1059521580,12815,ORLANDO INTL AP,FL,ORANGE,31,50,28.4339,-81.325
2003-07-29 23:34:00 UTC,1059521640,12815,ORLANDO INTL AP,FL,ORANGE,38,41,28.4339,-81.325
2003-07-30 00:12:00 UTC,1059523920,24023,NORTH PLATTE REGIONAL AP,NE,LINCOLN,31,42,41.1214,-100.6694
2003-07-30 00:15:00 UTC,1059524100,24023,NORTH PLATTE REGIONAL AP,NE,LINCOLN,31,41,41.1214,-100.6694
2003-07-30 02:57:00 UTC,1059533820,23065,GOODLAND RENNER FIELD,KS,SHERMAN,31,45,39.3706,-101.6986
2003-07-30 03:21:00 UTC,1059535260,23183,PHOENIX SKY HARBOR INTL AP,AZ,MARICOPA,27,40,33.4278,-112.0039
2003-07-30 03:22:00 UTC,1059535320,23183,PHOENIX SKY HARBOR INTL AP,AZ,MARICOPA,32,40,33.4278,-112.0039
2003-07-30 03:23:00 UTC,1059535380,23183,PHOENIX SKY HARBOR INTL AP,AZ,MARICOPA,35,42,33.4278,-112.0039
2003-07-30 03:24:00 UTC,1059535440,23183,PHOENIX SKY HARBOR INTL AP,AZ,MARICOPA,39,49,33.4278,-112.0039
2003-07-30 03:25:00 UTC,1059535500,23183,PHOENIX SKY HARBOR INTL AP,AZ,MARICOPA,41,46,33.4278,-112.0039
2003-07-30 03:26:00 UTC,1059535560,23183,PHOENIX SKY HARBOR INTL AP,AZ,MARICOPA,38,41,33.4278,-112.0039
2003-07-30 03:27:00 UTC,1059535620,23183,PHOENIX SKY HARBOR INTL AP,AZ,MARICOPA,36,40,33.4278,-112.0039
2003-07-30 03:28:00 UTC,1059535680,23183,PHOENIX SKY HARBOR INTL AP,AZ,MARICOPA,37,44,33.4278,-112.0039
2003-07-30 03:31:00 UTC,1059535860,23183,PHOENIX SKY HARBOR INTL AP,AZ,MARICOPA,31,43,33.4278,-112.0039
2003-07-30 03:33:00 UTC,1059535980,23183,PHOENIX SKY HARBOR INTL AP,AZ,MARICOPA,31,40,33.4278,-112.0039
2003-07-30 03:47:00 UTC,1059536820,23183,PHOENIX SKY HARBOR INTL AP,AZ,MARICOPA,28,40,33.4278,-112.0039
2003-07-31 21:54:00 UTC,1059688440,24029,SHERIDAN COUNTY AP,WY,SHERIDAN,25,41,44.7694,-106.9689
2003-07-31 21:56:00 UTC,1059688560,24029,SHERIDAN COUNTY AP,WY,SHERIDAN,32,51,44.7694,-106.9689
2003-07-31 21:57:00 UTC,1059688620,24029,SHERIDAN COUNTY AP,WY,SHERIDAN,38,49,44.7694,-106.9689
2003-07-31 22:03:00 UTC,1059688980,03945,COLUMBIA REGIONAL AP,MO,BOONE,35,48,38.8169,-92.2183
2003-07-31 22:04:00 UTC,1059689040,03945,COLUMBIA REGIONAL AP,MO,BOONE,38,44,38.8169,-92.2183
2003-07-31 22:06:00 UTC,1059689160,03945,COLUMBIA REGIONAL AP,MO,BOONE,34,44,38.8169,-92.2183
